accessionVersion	clade	outbreak	lineage	sampleCollectionDate	geoLocCountry	geoLocAdmin1	authors	authorAffiliations	hostNameScientific	length	earliestReleaseDate	submissionId	groupName	dataUseTerms	dataUseTermsUrl	biosampleAccession	completeness	geoLocAdmin2	geoLocCity	insdcAccessionFull	insdcRawReadsAccession	isLabHost	specimenCollectorSampleId	totalAmbiguousNucs	totalUnknownNucs
PP_0010E1H.1	Ia	None	None	2024-08-06	Democratic Republic of the Congo	Kinshasa, Kokolo	Wawina-Bokalanga, T.; Akil-Bandali, P.; Kinganda-Lusamaki, E.; Lokilo, E.; Jansen, D.; Amuri-Aziza, A.; Makangara-Cigolo, J. C.; Pukuta-Simbu, E.; Ola-Mpumbe, R.; Muyembe, M.; Kacita, C.; Paku-Tshambu, P.; Dantas, P. H.; Tshiani-Mbaya, O.; Luakanda, G.; Nkuba-Ndaye, A.; Matondo, M.; Vakaniaki, E. H.; Tessema, S.; Ndembi, N.; O'Toole, A.; De Block, T.; Ngandu, C.; Hoff, N. A.; Low, N.; Subissi, L.; Merritt, S.; Muyembe-Tamfum, J. J.; Liesenborghs, L.; Peeters, M.; Delaporte, E.; Kindrachuk, J.; Rimoin, A. W.; Ahuka-Mundeke, S.; Rambaut, A.; Mwamba, D.; Vercauteren, K.; Mbala-Kingebeni, P.; Makangara-Cigolo, J.-C.; Dantas, P. H. L. F.; Hasivirwe-Vakaniaki, E.; Muyembe-Tamfum, J.-J.	Institut National de Recherche Biomedicale (INRB), Epidemiology and Global Health	Homo sapiens	190721	2024-09-20	PQ352020.1	Automated Ingest from INSDC/NCBI Virus by Loculus	OPEN	https://pathoplexus.org/about/terms-of-use/open-data		0.9566703345182015			PQ352020.1			24MPX 1578V	0	2416
PP_0010E2F.1	Ib	None	None	2024-08-05	Democratic Republic of the Congo	Kinshasa, Limete	Wawina-Bokalanga, T.; Akil-Bandali, P.; Kinganda-Lusamaki, E.; Lokilo, E.; Jansen, D.; Amuri-Aziza, A.; Makangara-Cigolo, J. C.; Pukuta-Simbu, E.; Ola-Mpumbe, R.; Muyembe, M.; Kacita, C.; Paku-Tshambu, P.; Dantas, P. H.; Tshiani-Mbaya, O.; Luakanda, G.; Nkuba-Ndaye, A.; Matondo, M.; Vakaniaki, E. H.; Tessema, S.; Ndembi, N.; O'Toole, A.; De Block, T.; Ngandu, C.; Hoff, N. A.; Low, N.; Subissi, L.; Merritt, S.; Muyembe-Tamfum, J. J.; Liesenborghs, L.; Peeters, M.; Delaporte, E.; Kindrachuk, J.; Rimoin, A. W.; Ahuka-Mundeke, S.; Rambaut, A.; Mwamba, D.; Vercauteren, K.; Mbala-Kingebeni, P.; Makangara-Cigolo, J.-C.; Dantas, P. H. L. F.; Hasivirwe-Vakaniaki, E.; Muyembe-Tamfum, J.-J.	Institut National de Recherche Biomedicale (INRB), Epidemiology and Global Health	Homo sapiens	190667	2024-09-20	PQ352021.1	Automated Ingest from INSDC/NCBI Virus by Loculus	OPEN	https://pathoplexus.org/about/terms-of-use/open-data		0.9148517562585886			PQ352021.1			24MPX 1956V	4	10632
PP_0010E67.1	Ia	None	None	2024-08-15	Democratic Republic of the Congo	Kinshasa, Kasa-Vubu	Wawina-Bokalanga, T.; Akil-Bandali, P.; Kinganda-Lusamaki, E.; Lokilo, E.; Jansen, D.; Amuri-Aziza, A.; Makangara-Cigolo, J. C.; Pukuta-Simbu, E.; Ola-Mpumbe, R.; Muyembe, M.; Kacita, C.; Paku-Tshambu, P.; Dantas, P. H.; Tshiani-Mbaya, O.; Luakanda, G.; Nkuba-Ndaye, A.; Matondo, M.; Vakaniaki, E. H.; Tessema, S.; Ndembi, N.; O'Toole, A.; De Block, T.; Ngandu, C.; Hoff, N. A.; Low, N.; Subissi, L.; Merritt, S.; Muyembe-Tamfum, J. J.; Liesenborghs, L.; Peeters, M.; Delaporte, E.; Kindrachuk, J.; Rimoin, A. W.; Ahuka-Mundeke, S.; Rambaut, A.; Mwamba, D.; Vercauteren, K.; Mbala-Kingebeni, P.; Makangara-Cigolo, J.-C.; Dantas, P. H. L. F.; Hasivirwe-Vakaniaki, E.; Muyembe-Tamfum, J.-J.	Institut National de Recherche Biomedicale (INRB), Epidemiology and Global Health	Homo sapiens	190555	2024-09-20	PQ352024.1	Automated Ingest from INSDC/NCBI Virus by Loculus	OPEN	https://pathoplexus.org/about/terms-of-use/open-data		0.7466596352093464			PQ352024.1			24MPX 2092C	11	43671
PP_0010E75.1	Ia	None	None	2024-08-15	Democratic Republic of the Congo	Kinshasa, Kasa-Vubu	Wawina-Bokalanga, T.; Akil-Bandali, P.; Kinganda-Lusamaki, E.; Lokilo, E.; Jansen, D.; Amuri-Aziza, A.; Makangara-Cigolo, J. C.; Pukuta-Simbu, E.; Ola-Mpumbe, R.; Muyembe, M.; Kacita, C.; Paku-Tshambu, P.; Dantas, P. H.; Tshiani-Mbaya, O.; Luakanda, G.; Nkuba-Ndaye, A.; Matondo, M.; Vakaniaki, E. H.; Tessema, S.; Ndembi, N.; O'Toole, A.; De Block, T.; Ngandu, C.; Hoff, N. A.; Low, N.; Subissi, L.; Merritt, S.; Muyembe-Tamfum, J. J.; Liesenborghs, L.; Peeters, M.; Delaporte, E.; Kindrachuk, J.; Rimoin, A. W.; Ahuka-Mundeke, S.; Rambaut, A.; Mwamba, D.; Vercauteren, K.; Mbala-Kingebeni, P.; Makangara-Cigolo, J.-C.; Dantas, P. H. L. F.; Hasivirwe-Vakaniaki, E.; Muyembe-Tamfum, J.-J.	Institut National de Recherche Biomedicale (INRB), Epidemiology and Global Health	Homo sapiens	188967	2024-09-20	PQ352025.1	Automated Ingest from INSDC/NCBI Virus by Loculus	OPEN	https://pathoplexus.org/about/terms-of-use/open-data		0.722548159566754			PQ352025.1			24MPX 2091C	22	46884
PP_0010E83.1	Ia	None	None	2024-08-12	Democratic Republic of the Congo	Kinshasa, Biyela	Wawina-Bokalanga, T.; Akil-Bandali, P.; Kinganda-Lusamaki, E.; Lokilo, E.; Jansen, D.; Amuri-Aziza, A.; Makangara-Cigolo, J. C.; Pukuta-Simbu, E.; Ola-Mpumbe, R.; Muyembe, M.; Kacita, C.; Paku-Tshambu, P.; Dantas, P. H.; Tshiani-Mbaya, O.; Luakanda, G.; Nkuba-Ndaye, A.; Matondo, M.; Vakaniaki, E. H.; Tessema, S.; Ndembi, N.; O'Toole, A.; De Block, T.; Ngandu, C.; Hoff, N. A.; Low, N.; Subissi, L.; Merritt, S.; Muyembe-Tamfum, J. J.; Liesenborghs, L.; Peeters, M.; Delaporte, E.; Kindrachuk, J.; Rimoin, A. W.; Ahuka-Mundeke, S.; Rambaut, A.; Mwamba, D.; Vercauteren, K.; Mbala-Kingebeni, P.; Makangara-Cigolo, J.-C.; Dantas, P. H. L. F.; Hasivirwe-Vakaniaki, E.; Muyembe-Tamfum, J.-J.	Institut National de Recherche Biomedicale (INRB), Epidemiology and Global Health	Homo sapiens	189270	2024-09-20	PQ352026.1	Automated Ingest from INSDC/NCBI Virus by Loculus	OPEN	https://pathoplexus.org/about/terms-of-use/open-data		0.6818705028675162			PQ352026.1			24MPX 2057V	17	55153
PP_0010EAZ.1	Ia	None	None	2024-08-15	Democratic Republic of the Congo	Kinshasa, Gombe	Wawina-Bokalanga, T.; Akil-Bandali, P.; Kinganda-Lusamaki, E.; Lokilo, E.; Jansen, D.; Amuri-Aziza, A.; Makangara-Cigolo, J. C.; Pukuta-Simbu, E.; Ola-Mpumbe, R.; Muyembe, M.; Kacita, C.; Paku-Tshambu, P.; Dantas, P. H.; Tshiani-Mbaya, O.; Luakanda, G.; Nkuba-Ndaye, A.; Matondo, M.; Vakaniaki, E. H.; Tessema, S.; Ndembi, N.; O'Toole, A.; De Block, T.; Ngandu, C.; Hoff, N. A.; Low, N.; Subissi, L.; Merritt, S.; Muyembe-Tamfum, J. J.; Liesenborghs, L.; Peeters, M.; Delaporte, E.; Kindrachuk, J.; Rimoin, A. W.; Ahuka-Mundeke, S.; Rambaut, A.; Mwamba, D.; Vercauteren, K.; Mbala-Kingebeni, P.; Makangara-Cigolo, J.-C.; Dantas, P. H. L. F.; Hasivirwe-Vakaniaki, E.; Muyembe-Tamfum, J.-J.	Institut National de Recherche Biomedicale (INRB), Epidemiology and Global Health	Homo sapiens	190625	2024-09-20	PQ352027.1	Automated Ingest from INSDC/NCBI Virus by Loculus	OPEN	https://pathoplexus.org/about/terms-of-use/open-data		0.9256727634134345			PQ352027.1			24MPX 2056V	2	8512
PP_0010EBX.1	Ia	None	None	2024-08-12	Democratic Republic of the Congo	Kinshasa, Limete	Wawina-Bokalanga, T.; Akil-Bandali, P.; Kinganda-Lusamaki, E.; Lokilo, E.; Jansen, D.; Amuri-Aziza, A.; Makangara-Cigolo, J. C.; Pukuta-Simbu, E.; Ola-Mpumbe, R.; Muyembe, M.; Kacita, C.; Paku-Tshambu, P.; Dantas, P. H.; Tshiani-Mbaya, O.; Luakanda, G.; Nkuba-Ndaye, A.; Matondo, M.; Vakaniaki, E. H.; Tessema, S.; Ndembi, N.; O'Toole, A.; De Block, T.; Ngandu, C.; Hoff, N. A.; Low, N.; Subissi, L.; Merritt, S.; Muyembe-Tamfum, J. J.; Liesenborghs, L.; Peeters, M.; Delaporte, E.; Kindrachuk, J.; Rimoin, A. W.; Ahuka-Mundeke, S.; Rambaut, A.; Mwamba, D.; Vercauteren, K.; Mbala-Kingebeni, P.; Makangara-Cigolo, J.-C.; Dantas, P. H. L. F.; Hasivirwe-Vakaniaki, E.; Muyembe-Tamfum, J.-J.	Institut National de Recherche Biomedicale (INRB), Epidemiology and Global Health	Homo sapiens	187718	2024-09-20	PQ352028.1	Automated Ingest from INSDC/NCBI Virus by Loculus	OPEN	https://pathoplexus.org/about/terms-of-use/open-data		0.857313814278253			PQ352028.1			24MPX 2024C	12	19021
PP_0010ECV.1	Ia	None	None	2024-08-12	Democratic Republic of the Congo	Kinshasa, Limete	Wawina-Bokalanga, T.; Akil-Bandali, P.; Kinganda-Lusamaki, E.; Lokilo, E.; Jansen, D.; Amuri-Aziza, A.; Makangara-Cigolo, J. C.; Pukuta-Simbu, E.; Ola-Mpumbe, R.; Muyembe, M.; Kacita, C.; Paku-Tshambu, P.; Dantas, P. H.; Tshiani-Mbaya, O.; Luakanda, G.; Nkuba-Ndaye, A.; Matondo, M.; Vakaniaki, E. H.; Tessema, S.; Ndembi, N.; O'Toole, A.; De Block, T.; Ngandu, C.; Hoff, N. A.; Low, N.; Subissi, L.; Merritt, S.; Muyembe-Tamfum, J. J.; Liesenborghs, L.; Peeters, M.; Delaporte, E.; Kindrachuk, J.; Rimoin, A. W.; Ahuka-Mundeke, S.; Rambaut, A.; Mwamba, D.; Vercauteren, K.; Mbala-Kingebeni, P.; Makangara-Cigolo, J.-C.; Dantas, P. H. L. F.; Hasivirwe-Vakaniaki, E.; Muyembe-Tamfum, J.-J.	Institut National de Recherche Biomedicale (INRB), Epidemiology and Global Health	Homo sapiens	186526	2024-09-20	PQ352029.1	Automated Ingest from INSDC/NCBI Virus by Loculus	OPEN	https://pathoplexus.org/about/terms-of-use/open-data		0.883757840666501			PQ352029.1			24MPX 2026C	13	12608
PP_0010EDT.1	Ib	None	None	2024-08-12	Democratic Republic of the Congo	Kinshasa, Limete	Wawina-Bokalanga, T.; Akil-Bandali, P.; Kinganda-Lusamaki, E.; Lokilo, E.; Jansen, D.; Amuri-Aziza, A.; Makangara-Cigolo, J. C.; Pukuta-Simbu, E.; Ola-Mpumbe, R.; Muyembe, M.; Kacita, C.; Paku-Tshambu, P.; Dantas, P. H.; Tshiani-Mbaya, O.; Luakanda, G.; Nkuba-Ndaye, A.; Matondo, M.; Vakaniaki, E. H.; Tessema, S.; Ndembi, N.; O'Toole, A.; De Block, T.; Ngandu, C.; Hoff, N. A.; Low, N.; Subissi, L.; Merritt, S.; Muyembe-Tamfum, J. J.; Liesenborghs, L.; Peeters, M.; Delaporte, E.; Kindrachuk, J.; Rimoin, A. W.; Ahuka-Mundeke, S.; Rambaut, A.; Mwamba, D.; Vercauteren, K.; Mbala-Kingebeni, P.; Makangara-Cigolo, J.-C.; Dantas, P. H. L. F.; Hasivirwe-Vakaniaki, E.; Muyembe-Tamfum, J.-J.	Institut National de Recherche Biomedicale (INRB), Epidemiology and Global Health	Homo sapiens	188464	2024-09-20	PQ352030.1	Automated Ingest from INSDC/NCBI Virus by Loculus	OPEN	https://pathoplexus.org/about/terms-of-use/open-data		0.8840874402283871			PQ352030.1			24MPX 2027V	10	14584
PP_0010EFP.1	Ib	None	None	2024-08-09	Democratic Republic of the Congo	Kinshasa, Limete	Wawina-Bokalanga, T.; Akil-Bandali, P.; Kinganda-Lusamaki, E.; Lokilo, E.; Jansen, D.; Amuri-Aziza, A.; Makangara-Cigolo, J. C.; Pukuta-Simbu, E.; Ola-Mpumbe, R.; Muyembe, M.; Kacita, C.; Paku-Tshambu, P.; Dantas, P. H.; Tshiani-Mbaya, O.; Luakanda, G.; Nkuba-Ndaye, A.; Matondo, M.; Vakaniaki, E. H.; Tessema, S.; Ndembi, N.; O'Toole, A.; De Block, T.; Ngandu, C.; Hoff, N. A.; Low, N.; Subissi, L.; Merritt, S.; Muyembe-Tamfum, J. J.; Liesenborghs, L.; Peeters, M.; Delaporte, E.; Kindrachuk, J.; Rimoin, A. W.; Ahuka-Mundeke, S.; Rambaut, A.; Mwamba, D.; Vercauteren, K.; Mbala-Kingebeni, P.; Makangara-Cigolo, J.-C.; Dantas, P. H. L. F.; Hasivirwe-Vakaniaki, E.; Muyembe-Tamfum, J.-J.	Institut National de Recherche Biomedicale (INRB), Epidemiology and Global Health	Homo sapiens	188328	2024-09-20	PQ352031.1	Automated Ingest from INSDC/NCBI Virus by Loculus	OPEN	https://pathoplexus.org/about/terms-of-use/open-data		0.8920383958135785			PQ352031.1			24MPX 2019V	15	12868
PP_0012T10.1	Ia	None	None	2024-08-05	Democratic Republic of the Congo	Tshopo	Ahuka-Mundeke, Steve; Pukuta-Simbu, Elisabeth; Amuri-Aziza, Adrienne; Wawina-Bokalanga, Tony; Merritt, Sydney; Kinganda-Lusamaki, Eddy; Jansen, Daan; Halbrook, Megan; OToole, Aine; Hasivirwe Vakaniaki, Emmanuel; Ola-Mpumbe, Rilia; Kwete-Mbokama, Papy; Akil-Bandali, Prince; Kacita, Cris; Ponga-Museme, Ange; Mapenzi-Kashali, Nelson; Tshiani-Mbaya, Olivier; Paku-Tshambu, Princesse; Dantas, Pedro H. L. F.; De Block, Tessa; Lokilo-Lofiko, Emmanuel; Muswamba-Kayembe, Chloe; Makangara-Cigolo, Jean-Claude; Luakanda-Ndelemo, Gradi; Kelvin, David J.; Pratt, Catherine; Ayouba, Ahidjo; Tessema, Sofonias; Mauro Rezende, Antonio; Hensley, Lisa E.; Delaporte, Eric; Mwamba, Dieudonne; Subissi, Lorenzo; Liesenborghs, Laurens; Hoff, Nicole A.; Peeters, Martine; Low, Nicola; Rimoin, Anne W.; Kindrachuk, Jason; Vercauteren, Koen; Rambaut, Andrew; Mbala-Kingebeni, Placide; Muyembe-Tamfum, Jean-Jacques		Homo sapiens	181540	2025-02-04	24MPX2020V	Pathogen Genomic Lab	OPEN	https://pathoplexus.org/about/terms-of-use/open-data	SAMEA118207667	0.5162289753510235			OZ254318.1			24MPX02020V_S09ilm	5	80004
PP_0012T2Y.1	Ia	None	None	2024-08-02	Democratic Republic of the Congo	Kwilu	Mbala-Kingebeni, Placide; Wawina-Bokalanga, Tony; Merritt, Sydney; Kinganda-Lusamaki, Eddy; Jansen, Daan; Halbrook, Megan; OToole, Aine; Pukuta-Simbu, Elisabeth; Hasivirwe Vakaniaki, Emmanuel; Ola-Mpumbe, Rilia; Kwete-Mbokama, Papy; Akil-Bandali, Prince; Kacita, Cris; Ponga-Museme, Ange; Mapenzi-Kashali, Nelson; Amuri-Aziza, Adrienne; Tshiani-Mbaya, Olivier; Paku-Tshambu, Princesse; Dantas, Pedro H. L. F.; De Block, Tessa; Lokilo-Lofiko, Emmanuel; Muswamba-Kayembe, Chloe; Makangara-Cigolo, Jean-Claude; Luakanda-Ndelemo, Gradi; Kelvin, David J.; Pratt, Catherine; Ayouba, Ahidjo; Tessema, Sofonias; Mauro Rezende, Antonio; Hensley, Lisa E.; Delaporte, Eric; Mwamba, Dieudonne; Subissi, Lorenzo; Liesenborghs, Laurens; Hoff, Nicole A.; Peeters, Martine; Low, Nicola; Rimoin, Anne W.; Kindrachuk, Jason; Vercauteren, Koen; Rambaut, Andrew; Ahuka-Mundeke, Steve; Muyembe-Tamfum, Jean-Jacques		Homo sapiens	188407	2025-02-04	24MPX2021V	Pathogen Genomic Lab	OPEN	https://pathoplexus.org/about/terms-of-use/open-data	SAMEA118207668	0.6651572696986446			OZ254384.1			24MPX2021V_S23ilm	15	57738
PP_0012T3W.1	Ia	None	None	2024-08-12	Democratic Republic of the Congo	Kinshasa	Wawina-Bokalanga, Tony; Merritt, Sydney; Kinganda-Lusamaki, Eddy; Jansen, Daan; Halbrook, Megan; OToole, Aine; Pukuta-Simbu, Elisabeth; Muyamuna, Elise; Hasivirwe Vakaniaki, Emmanuel; Ola-Mpumbe, Rilia; Kwete-Mbokama, Papy; Akil-Bandali, Prince; Kacita, Cris; Ponga-Museme, Ange; Mapenzi-Kashali, Nelson; Amuri-Aziza, Adrienne; Muyembe-Mawete, Francisca; Lumembe-Numbi, Raphael; Kabamba-Lungenyi, Gabriel; Tshiani-Mbaya, Olivier; Paku-Tshambu, Princesse; Dantas, Pedro Hlf; DeBlock, Tessa; Lokilo-Lofiko, Emmanuel; Muswamba-Kayembe, Chloe; Makangara-Cigolo, Jean-Claude; Luakanda-Ndelemo, Gradi; Kelvin, David J.; Pratt, Catherine; Ayouba, Ahidjo; Tessema, Sofonias; Mauro, Antonio R.; Hensley, Lisa E.; Delaporte, Eric; Mwamba, Dieudonne; Subissi, Lorenzo; Liesenborghs, Laurens; Hoff, Nicole A.; Peeters, Martine; Low, Nicola; Ahuka-Mundeke, Steve; Muyembe-Tamfum, Jean-Jacques; Rimoin, Anne W.; Kindrachuk, Jason; Vercauteren, Koen; Rambaut, Andrew; Mbala-Kingebeni, Placide		Homo sapiens	185317	2025-02-04	24MPX2025C	Pathogen Genomic Lab	OPEN	https://pathoplexus.org/about/terms-of-use/open-data	SAMEA118207669	0.5874934713932934			OZ254380.1			24MPX2025C_S21ilm	12	69712
PP_0012T4U.1	Ia	None	None	2024-08-14	Democratic Republic of the Congo	Kinshasa	Wawina-Bokalanga, Tony; Merritt, Sydney; Kinganda-Lusamaki, Eddy; Jansen, Daan; Halbrook, Megan; OToole, Aine; Pukuta-Simbu, Elisabeth; Muyamuna, Elise; Hasivirwe Vakaniaki, Emmanuel; Ola-Mpumbe, Rilia; Kwete-Mbokama, Papy; Akil-Bandali, Prince; Kacita, Cris; Ponga-Museme, Ange; Mapenzi-Kashali, Nelson; Amuri-Aziza, Adrienne; Muyembe-Mawete, Francisca; Lumembe-Numbi, Raphael; Kabamba-Lungenyi, Gabriel; Tshiani-Mbaya, Olivier; Paku-Tshambu, Princesse; Dantas, Pedro Hlf; DeBlock, Tessa; Lokilo-Lofiko, Emmanuel; Muswamba-Kayembe, Chloe; Makangara-Cigolo, Jean-Claude; Luakanda-Ndelemo, Gradi; Kelvin, David J.; Pratt, Catherine; Ayouba, Ahidjo; Tessema, Sofonias; Mauro, Antonio R.; Hensley, Lisa E.; Delaporte, Eric; Mwamba, Dieudonne; Subissi, Lorenzo; Liesenborghs, Laurens; Hoff, Nicole A.; Peeters, Martine; Low, Nicola; Ahuka-Mundeke, Steve; Muyembe-Tamfum, Jean-Jacques; Rimoin, Anne W.; Kindrachuk, Jason; Vercauteren, Koen; Rambaut, Andrew; Mbala-Kingebeni, Placide		Homo sapiens	188012	2025-02-04	24MPX2034C	Pathogen Genomic Lab	OPEN	https://pathoplexus.org/about/terms-of-use/open-data	SAMEA118207670	0.5458625113458311			OZ254385.1			24MPX2034C_S18ilm	4	80799
PP_0012TE8.1	Ia	None	None	2024-08-01	Democratic Republic of the Congo	Sud-Ubangi	Amuri-Aziza, Adrienne; Luakanda-Ndelemo, Gradi; Kinganda-Lusamaki, Eddy; Makangara-Cigolo, Jean-Claude; Kenye, Michel; Kavira, Sifa; Wawina-Bokalanga, Tony; Merritt, Sydney; Jansen, Daan; Halbrook, Megan; OToole, Aine; Pukuta-Simbu, Elisabeth; Hasivirwe Vakaniaki, Emmanuel; Ola-Mpumbe, Rilia; Kwete-Mbokama, Papy; Akil-Bandali, Prince; Kacita, Cris; Ponga-Museme, Ange; Mapenzi-Kashali, Nelson; Tshiani-Mbaya, Olivier; Paku-Tshambu, Princesse; Dantas, Pedro H. L. F.; De Block, Tessa; Lokilo-Lofiko, Emmanuel; Muswamba-Kayembe, Chloe; Kelvin, David J.; Pratt, Catherine; Ayouba, Ahidjo; Tessema, Sofonias; Mauro Rezende, Antonio; Hensley, Lisa E.; Delaporte, Eric; Mwamba, Dieudonne; Subissi, Lorenzo; Liesenborghs, Laurens; Hoff, Nicole A.; Peeters, Martine; Low, Nicola; Ahuka-Mundeke, Steve; Muyembe-Tamfum, Jean-Jacques; Rimoin, Anne W.; Kindrachuk, Jason; Vercauteren, Koen; Rambaut, Andrew; Mbala-Kingebeni, Placide		Homo sapiens	196699	2025-02-04	24MPX2060C	Pathogen Genomic Lab	OPEN	https://pathoplexus.org/about/terms-of-use/open-data	SAMEA118207680	0.9785151793275155			OZ254565.1			24MPX2060C_ont	18	4163
PP_0012TF6.1	Ia	None	None	2024-08-03	Democratic Republic of the Congo	Sud-Ubangi	Amuri-Aziza, Adrienne; Luakanda-Ndelemo, Gradi; Kinganda-Lusamaki, Eddy; Makangara-Cigolo, Jean-Claude; Kenye, Michel; Kavira, Sifa; Wawina-Bokalanga, Tony; Merritt, Sydney; Jansen, Daan; Halbrook, Megan; OToole, Aine; Pukuta-Simbu, Elisabeth; Hasivirwe Vakaniaki, Emmanuel; Ola-Mpumbe, Rilia; Kwete-Mbokama, Papy; Akil-Bandali, Prince; Kacita, Cris; Ponga-Museme, Ange; Mapenzi-Kashali, Nelson; Tshiani-Mbaya, Olivier; Paku-Tshambu, Princesse; Dantas, Pedro H. L. F.; De Block, Tessa; Lokilo-Lofiko, Emmanuel; Muswamba-Kayembe, Chloe; Kelvin, David J.; Pratt, Catherine; Ayouba, Ahidjo; Tessema, Sofonias; Mauro Rezende, Antonio; Hensley, Lisa E.; Delaporte, Eric; Mwamba, Dieudonne; Subissi, Lorenzo; Liesenborghs, Laurens; Hoff, Nicole A.; Peeters, Martine; Low, Nicola; Ahuka-Mundeke, Steve; Muyembe-Tamfum, Jean-Jacques; Rimoin, Anne W.; Kindrachuk, Jason; Vercauteren, Koen; Rambaut, Andrew; Mbala-Kingebeni, Placide		Homo sapiens	196964	2025-02-04	24MPX2065C	Pathogen Genomic Lab	OPEN	https://pathoplexus.org/about/terms-of-use/open-data	SAMEA118207681	0.9714820317531148			OZ254572.1			24MPX2065C_ont	34	5404
PP_0012TG4.1	Ia	None	None	2024-08-02	Democratic Republic of the Congo	Sud-Ubangi	Amuri-Aziza, Adrienne; Luakanda-Ndelemo, Gradi; Kinganda-Lusamaki, Eddy; Makangara-Cigolo, Jean-Claude; Kenye, Michel; Kavira, Sifa; Wawina-Bokalanga, Tony; Merritt, Sydney; Jansen, Daan; Halbrook, Megan; OToole, Aine; Pukuta-Simbu, Elisabeth; Hasivirwe Vakaniaki, Emmanuel; Ola-Mpumbe, Rilia; Kwete-Mbokama, Papy; Akil-Bandali, Prince; Kacita, Cris; Ponga-Museme, Ange; Mapenzi-Kashali, Nelson; Tshiani-Mbaya, Olivier; Paku-Tshambu, Princesse; Dantas, Pedro H. L. F.; De Block, Tessa; Lokilo-Lofiko, Emmanuel; Muswamba-Kayembe, Chloe; Kelvin, David J.; Pratt, Catherine; Ayouba, Ahidjo; Tessema, Sofonias; Mauro Rezende, Antonio; Hensley, Lisa E.; Delaporte, Eric; Mwamba, Dieudonne; Subissi, Lorenzo; Liesenborghs, Laurens; Hoff, Nicole A.; Peeters, Martine; Low, Nicola; Ahuka-Mundeke, Steve; Muyembe-Tamfum, Jean-Jacques; Rimoin, Anne W.; Kindrachuk, Jason; Vercauteren, Koen; Rambaut, Andrew; Mbala-Kingebeni, Placide		Homo sapiens	195188	2025-02-04	24MPX2066V	Pathogen Genomic Lab	OPEN	https://pathoplexus.org/about/terms-of-use/open-data	SAMEA118207682	0.9449720854524895			OZ254554.1			24MPX2066V_ont	5	10722
PP_0012TH1.1	Ia	None	None	2024-08-02	Democratic Republic of the Congo	Sud-Ubangi	Amuri-Aziza, Adrienne; Luakanda-Ndelemo, Gradi; Kinganda-Lusamaki, Eddy; Makangara-Cigolo, Jean-Claude; Kenye, Michel; Kavira, Sifa; Wawina-Bokalanga, Tony; Merritt, Sydney; Jansen, Daan; Halbrook, Megan; OToole, Aine; Pukuta-Simbu, Elisabeth; Hasivirwe Vakaniaki, Emmanuel; Ola-Mpumbe, Rilia; Kwete-Mbokama, Papy; Akil-Bandali, Prince; Kacita, Cris; Ponga-Museme, Ange; Mapenzi-Kashali, Nelson; Tshiani-Mbaya, Olivier; Paku-Tshambu, Princesse; Dantas, Pedro H. L. F.; De Block, Tessa; Lokilo-Lofiko, Emmanuel; Muswamba-Kayembe, Chloe; Kelvin, David J.; Pratt, Catherine; Ayouba, Ahidjo; Tessema, Sofonias; Mauro Rezende, Antonio; Hensley, Lisa E.; Delaporte, Eric; Mwamba, Dieudonne; Subissi, Lorenzo; Liesenborghs, Laurens; Hoff, Nicole A.; Peeters, Martine; Low, Nicola; Ahuka-Mundeke, Steve; Muyembe-Tamfum, Jean-Jacques; Rimoin, Anne W.; Kindrachuk, Jason; Vercauteren, Koen; Rambaut, Andrew; Mbala-Kingebeni, Placide		Homo sapiens	196748	2025-02-04	24MPX2067V	Pathogen Genomic Lab	OPEN	https://pathoplexus.org/about/terms-of-use/open-data	SAMEA118207683	0.9679679933471597			OZ254560.1			24MPX2067V_ont	33	6098
PP_0012TJZ.1	Ia	None	None	2024-08-02	Democratic Republic of the Congo	Sud-Ubangi	Amuri-Aziza, Adrienne; Luakanda-Ndelemo, Gradi; Kinganda-Lusamaki, Eddy; Makangara-Cigolo, Jean-Claude; Kenye, Michel; Kavira, Sifa; Wawina-Bokalanga, Tony; Merritt, Sydney; Jansen, Daan; Halbrook, Megan; OToole, Aine; Pukuta-Simbu, Elisabeth; Hasivirwe Vakaniaki, Emmanuel; Ola-Mpumbe, Rilia; Kwete-Mbokama, Papy; Akil-Bandali, Prince; Kacita, Cris; Ponga-Museme, Ange; Mapenzi-Kashali, Nelson; Tshiani-Mbaya, Olivier; Paku-Tshambu, Princesse; Dantas, Pedro H. L. F.; De Block, Tessa; Lokilo-Lofiko, Emmanuel; Muswamba-Kayembe, Chloe; Kelvin, David J.; Pratt, Catherine; Ayouba, Ahidjo; Tessema, Sofonias; Mauro Rezende, Antonio; Hensley, Lisa E.; Delaporte, Eric; Mwamba, Dieudonne; Subissi, Lorenzo; Liesenborghs, Laurens; Hoff, Nicole A.; Peeters, Martine; Low, Nicola; Ahuka-Mundeke, Steve; Muyembe-Tamfum, Jean-Jacques; Rimoin, Anne W.; Kindrachuk, Jason; Vercauteren, Koen; Rambaut, Andrew; Mbala-Kingebeni, Placide		Homo sapiens	197007	2025-02-04	24MPX2076C	Pathogen Genomic Lab	OPEN	https://pathoplexus.org/about/terms-of-use/open-data	SAMEA118207684	0.9682620975716119			OZ254391.1			24MPX2076C_ont	6	6197
PP_0012TKX.1	Ia	None	None	2024-08-01	Democratic Republic of the Congo	Sud-Ubangi	Amuri-Aziza, Adrienne; Luakanda-Ndelemo, Gradi; Kinganda-Lusamaki, Eddy; Makangara-Cigolo, Jean-Claude; Kenye, Michel; Kavira, Sifa; Wawina-Bokalanga, Tony; Merritt, Sydney; Jansen, Daan; Halbrook, Megan; OToole, Aine; Pukuta-Simbu, Elisabeth; Hasivirwe Vakaniaki, Emmanuel; Ola-Mpumbe, Rilia; Kwete-Mbokama, Papy; Akil-Bandali, Prince; Kacita, Cris; Ponga-Museme, Ange; Mapenzi-Kashali, Nelson; Tshiani-Mbaya, Olivier; Paku-Tshambu, Princesse; Dantas, Pedro H. L. F.; De Block, Tessa; Lokilo-Lofiko, Emmanuel; Muswamba-Kayembe, Chloe; Kelvin, David J.; Pratt, Catherine; Ayouba, Ahidjo; Tessema, Sofonias; Mauro Rezende, Antonio; Hensley, Lisa E.; Delaporte, Eric; Mwamba, Dieudonne; Subissi, Lorenzo; Liesenborghs, Laurens; Hoff, Nicole A.; Peeters, Martine; Low, Nicola; Ahuka-Mundeke, Steve; Muyembe-Tamfum, Jean-Jacques; Rimoin, Anne W.; Kindrachuk, Jason; Vercauteren, Koen; Rambaut, Andrew; Mbala-Kingebeni, Placide		Homo sapiens	196675	2025-02-04	24MPX2079C	Pathogen Genomic Lab	OPEN	https://pathoplexus.org/about/terms-of-use/open-data	SAMEA118207685	0.9658027777636923			OZ254456.1			24MPX2079C_ont	31	6591
PP_0012TLV.1	Ia	None	None	2024-08-01	Democratic Republic of the Congo	Sud-Ubangi	Amuri-Aziza, Adrienne; Luakanda-Ndelemo, Gradi; Kinganda-Lusamaki, Eddy; Makangara-Cigolo, Jean-Claude; Kenye, Michel; Kavira, Sifa; Wawina-Bokalanga, Tony; Merritt, Sydney; Jansen, Daan; Halbrook, Megan; OToole, Aine; Pukuta-Simbu, Elisabeth; Hasivirwe Vakaniaki, Emmanuel; Ola-Mpumbe, Rilia; Kwete-Mbokama, Papy; Akil-Bandali, Prince; Kacita, Cris; Ponga-Museme, Ange; Mapenzi-Kashali, Nelson; Tshiani-Mbaya, Olivier; Paku-Tshambu, Princesse; Dantas, Pedro H. L. F.; De Block, Tessa; Lokilo-Lofiko, Emmanuel; Muswamba-Kayembe, Chloe; Kelvin, David J.; Pratt, Catherine; Ayouba, Ahidjo; Tessema, Sofonias; Mauro Rezende, Antonio; Hensley, Lisa E.; Delaporte, Eric; Mwamba, Dieudonne; Subissi, Lorenzo; Liesenborghs, Laurens; Hoff, Nicole A.; Peeters, Martine; Low, Nicola; Ahuka-Mundeke, Steve; Muyembe-Tamfum, Jean-Jacques; Rimoin, Anne W.; Kindrachuk, Jason; Vercauteren, Koen; Rambaut, Andrew; Mbala-Kingebeni, Placide		Homo sapiens	196728	2025-02-04	24MPX2080C	Pathogen Genomic Lab	OPEN	https://pathoplexus.org/about/terms-of-use/open-data	SAMEA118207686	0.9388567458888794			OZ254392.1			24MPX2080C_ont	15	11816
PP_0012TUD.1	Ia	None	None	2024-08-02	Democratic Republic of the Congo	Sud-Ubangi	Amuri-Aziza, Adrienne; Luakanda-Ndelemo, Gradi; Kinganda-Lusamaki, Eddy; Makangara-Cigolo, Jean-Claude; Kenye, Michel; Kavira, Sifa; Wawina-Bokalanga, Tony; Merritt, Sydney; Jansen, Daan; Halbrook, Megan; OToole, Aine; Pukuta-Simbu, Elisabeth; Hasivirwe Vakaniaki, Emmanuel; Ola-Mpumbe, Rilia; Kwete-Mbokama, Papy; Akil-Bandali, Prince; Kacita, Cris; Ponga-Museme, Ange; Mapenzi-Kashali, Nelson; Tshiani-Mbaya, Olivier; Paku-Tshambu, Princesse; Dantas, Pedro H. L. F.; De Block, Tessa; Lokilo-Lofiko, Emmanuel; Muswamba-Kayembe, Chloe; Kelvin, David J.; Pratt, Catherine; Ayouba, Ahidjo; Tessema, Sofonias; Mauro Rezende, Antonio; Hensley, Lisa E.; Delaporte, Eric; Mwamba, Dieudonne; Subissi, Lorenzo; Liesenborghs, Laurens; Hoff, Nicole A.; Peeters, Martine; Low, Nicola; Ahuka-Mundeke, Steve; Muyembe-Tamfum, Jean-Jacques; Rimoin, Anne W.; Kindrachuk, Jason; Vercauteren, Koen; Rambaut, Andrew; Mbala-Kingebeni, Placide		Homo sapiens	190872	2025-02-04	24MPX2150V	Pathogen Genomic Lab	OPEN	https://pathoplexus.org/about/terms-of-use/open-data	SAMEA118207694	0.8623845767688088			OZ254558.1			24MPX2150V	11	21238
PP_0012TW9.1	Ia	None	None	2024-08-14	Democratic Republic of the Congo	Sankuru	Muyembe-Tamfum, Jean-Jacques; Wawina-Bokalanga, Tony; Merritt, Sydney; Kinganda-Lusamaki, Eddy; Jansen, Daan; Halbrook, Megan; OToole, Aine; Pukuta-Simbu, Elisabeth; Hasivirwe Vakaniaki, Emmanuel; Ola-Mpumbe, Rilia; Kwete-Mbokama, Papy; Akil-Bandali, Prince; Kacita, Cris; Ponga-Museme, Ange; Mapenzi-Kashali, Nelson; Amuri-Aziza, Adrienne; Tshiani-Mbaya, Olivier; Paku-Tshambu, Princesse; Dantas, Pedro H. L. F.; De Block, Tessa; Lokilo-Lofiko, Emmanuel; Muswamba-Kayembe, Chloe; Makangara-Cigolo, Jean-Claude; Luakanda-Ndelemo, Gradi; Kelvin, David J.; Pratt, Catherine; Ayouba, Ahidjo; Tessema, Sofonias; Mauro Rezende, Antonio; Hensley, Lisa E.; Delaporte, Eric; Mwamba, Dieudonne; Subissi, Lorenzo; Liesenborghs, Laurens; Hoff, Nicole A.; Peeters, Martine; Low, Nicola; Rimoin, Anne W.; Kindrachuk, Jason; Vercauteren, Koen; Rambaut, Andrew; Mbala-Kingebeni, Placide; Ahuka-Mundeke, Steve		Homo sapiens	192385	2025-02-04	24MPX2163C	Pathogen Genomic Lab	OPEN	https://pathoplexus.org/about/terms-of-use/open-data	SAMEA118207696	0.7282578381311198			OZ254480.1			24MPX2163C	14	49172
PP_0012TX7.1	Ia	None	None	2024-08-14	Democratic Republic of the Congo	Sankuru	Muyembe-Tamfum, Jean-Jacques; Wawina-Bokalanga, Tony; Merritt, Sydney; Kinganda-Lusamaki, Eddy; Jansen, Daan; Halbrook, Megan; OToole, Aine; Pukuta-Simbu, Elisabeth; Hasivirwe Vakaniaki, Emmanuel; Ola-Mpumbe, Rilia; Kwete-Mbokama, Papy; Akil-Bandali, Prince; Kacita, Cris; Ponga-Museme, Ange; Mapenzi-Kashali, Nelson; Amuri-Aziza, Adrienne; Tshiani-Mbaya, Olivier; Paku-Tshambu, Princesse; Dantas, Pedro H. L. F.; De Block, Tessa; Lokilo-Lofiko, Emmanuel; Muswamba-Kayembe, Chloe; Makangara-Cigolo, Jean-Claude; Luakanda-Ndelemo, Gradi; Kelvin, David J.; Pratt, Catherine; Ayouba, Ahidjo; Tessema, Sofonias; Mauro Rezende, Antonio; Hensley, Lisa E.; Delaporte, Eric; Mwamba, Dieudonne; Subissi, Lorenzo; Liesenborghs, Laurens; Hoff, Nicole A.; Peeters, Martine; Low, Nicola; Rimoin, Anne W.; Kindrachuk, Jason; Vercauteren, Koen; Rambaut, Andrew; Mbala-Kingebeni, Placide; Ahuka-Mundeke, Steve		Homo sapiens	194702	2025-02-04	24MPX2164C	Pathogen Genomic Lab	OPEN	https://pathoplexus.org/about/terms-of-use/open-data	SAMEA118207697	0.9449670146899989			OZ254570.1			24MPX2164C	13	8707
PP_0012TY5.1	Ia	None	None	2024-08-14	Democratic Republic of the Congo	Sankuru	Muyembe-Tamfum, Jean-Jacques; Wawina-Bokalanga, Tony; Merritt, Sydney; Kinganda-Lusamaki, Eddy; Jansen, Daan; Halbrook, Megan; OToole, Aine; Pukuta-Simbu, Elisabeth; Hasivirwe Vakaniaki, Emmanuel; Ola-Mpumbe, Rilia; Kwete-Mbokama, Papy; Akil-Bandali, Prince; Kacita, Cris; Ponga-Museme, Ange; Mapenzi-Kashali, Nelson; Amuri-Aziza, Adrienne; Tshiani-Mbaya, Olivier; Paku-Tshambu, Princesse; Dantas, Pedro H. L. F.; De Block, Tessa; Lokilo-Lofiko, Emmanuel; Muswamba-Kayembe, Chloe; Makangara-Cigolo, Jean-Claude; Luakanda-Ndelemo, Gradi; Kelvin, David J.; Pratt, Catherine; Ayouba, Ahidjo; Tessema, Sofonias; Mauro Rezende, Antonio; Hensley, Lisa E.; Delaporte, Eric; Mwamba, Dieudonne; Subissi, Lorenzo; Liesenborghs, Laurens; Hoff, Nicole A.; Peeters, Martine; Low, Nicola; Rimoin, Anne W.; Kindrachuk, Jason; Vercauteren, Koen; Rambaut, Andrew; Mbala-Kingebeni, Placide; Ahuka-Mundeke, Steve		Homo sapiens	194691	2025-02-04	24MPX2165C	Pathogen Genomic Lab	OPEN	https://pathoplexus.org/about/terms-of-use/open-data	SAMEA118207698	0.9557880218448448			OZ254561.1			24MPX2165C	11	6574
PP_0012TZ3.1	Ia	None	None	2024-08-02	Democratic Republic of the Congo	Sud-Ubangi	Amuri-Aziza, Adrienne; Luakanda-Ndelemo, Gradi; Kinganda-Lusamaki, Eddy; Makangara-Cigolo, Jean-Claude; Kenye, Michel; Kavira, Sifa; Wawina-Bokalanga, Tony; Merritt, Sydney; Jansen, Daan; Halbrook, Megan; OToole, Aine; Pukuta-Simbu, Elisabeth; Hasivirwe Vakaniaki, Emmanuel; Ola-Mpumbe, Rilia; Kwete-Mbokama, Papy; Akil-Bandali, Prince; Kacita, Cris; Ponga-Museme, Ange; Mapenzi-Kashali, Nelson; Tshiani-Mbaya, Olivier; Paku-Tshambu, Princesse; Dantas, Pedro H. L. F.; De Block, Tessa; Lokilo-Lofiko, Emmanuel; Muswamba-Kayembe, Chloe; Kelvin, David J.; Pratt, Catherine; Ayouba, Ahidjo; Tessema, Sofonias; Mauro Rezende, Antonio; Hensley, Lisa E.; Delaporte, Eric; Mwamba, Dieudonne; Subissi, Lorenzo; Liesenborghs, Laurens; Hoff, Nicole A.; Peeters, Martine; Low, Nicola; Ahuka-Mundeke, Steve; Muyembe-Tamfum, Jean-Jacques; Rimoin, Anne W.; Kindrachuk, Jason; Vercauteren, Koen; Rambaut, Andrew; Mbala-Kingebeni, Placide		Homo sapiens	192923	2025-02-04	24MPX2179C	Pathogen Genomic Lab	OPEN	https://pathoplexus.org/about/terms-of-use/open-data	SAMEA118207699	0.9430097003686444			OZ254464.1			24MPX2179C	10	7376
PP_0012U01.1	Ia	None	None	2024-08-15	Democratic Republic of the Congo	Mongala	Mbala-Kingebeni, Placide; Wawina-Bokalanga, Tony; Merritt, Sydney; Kinganda-Lusamaki, Eddy; Jansen, Daan; Halbrook, Megan; OToole, Aine; Pukuta-Simbu, Elisabeth; Hasivirwe Vakaniaki, Emmanuel; Ola-Mpumbe, Rilia; Kwete-Mbokama, Papy; Akil-Bandali, Prince; Kacita, Cris; Ponga-Museme, Ange; Mapenzi-Kashali, Nelson; Amuri-Aziza, Adrienne; Tshiani-Mbaya, Olivier; Paku-Tshambu, Princesse; Dantas, Pedro H. L. F.; De Block, Tessa; Lokilo-Lofiko, Emmanuel; Muswamba-Kayembe, Chloe; Makangara-Cigolo, Jean-Claude; Luakanda-Ndelemo, Gradi; Kelvin, David J.; Pratt, Catherine; Ayouba, Ahidjo; Tessema, Sofonias; Mauro Rezende, Antonio; Hensley, Lisa E.; Delaporte, Eric; Mwamba, Dieudonne; Subissi, Lorenzo; Liesenborghs, Laurens; Hoff, Nicole A.; Peeters, Martine; Low, Nicola; Rimoin, Anne W.; Kindrachuk, Jason; Vercauteren, Koen; Rambaut, Andrew; Ahuka-Mundeke, Steve; Muyembe-Tamfum, Jean-Jacques		Homo sapiens	194983	2025-02-04	24MPX2184V	Pathogen Genomic Lab	OPEN	https://pathoplexus.org/about/terms-of-use/open-data	SAMEA118207700	0.9320669949140252			OZ254332.1			24MPX2184V	10	11588
PP_0012U1Z.1	Ia	None	None	2024-08-15	Democratic Republic of the Congo	Mongala	Mbala-Kingebeni, Placide; Wawina-Bokalanga, Tony; Merritt, Sydney; Kinganda-Lusamaki, Eddy; Jansen, Daan; Halbrook, Megan; OToole, Aine; Pukuta-Simbu, Elisabeth; Hasivirwe Vakaniaki, Emmanuel; Ola-Mpumbe, Rilia; Kwete-Mbokama, Papy; Akil-Bandali, Prince; Kacita, Cris; Ponga-Museme, Ange; Mapenzi-Kashali, Nelson; Amuri-Aziza, Adrienne; Tshiani-Mbaya, Olivier; Paku-Tshambu, Princesse; Dantas, Pedro H. L. F.; De Block, Tessa; Lokilo-Lofiko, Emmanuel; Muswamba-Kayembe, Chloe; Makangara-Cigolo, Jean-Claude; Luakanda-Ndelemo, Gradi; Kelvin, David J.; Pratt, Catherine; Ayouba, Ahidjo; Tessema, Sofonias; Mauro Rezende, Antonio; Hensley, Lisa E.; Delaporte, Eric; Mwamba, Dieudonne; Subissi, Lorenzo; Liesenborghs, Laurens; Hoff, Nicole A.; Peeters, Martine; Low, Nicola; Rimoin, Anne W.; Kindrachuk, Jason; Vercauteren, Koen; Rambaut, Andrew; Ahuka-Mundeke, Steve; Muyembe-Tamfum, Jean-Jacques		Homo sapiens	195123	2025-02-04	24MPX2187V	Pathogen Genomic Lab	OPEN	https://pathoplexus.org/about/terms-of-use/open-data	SAMEA118207701	0.9472995654356545			OZ254435.1			24MPX2187V	8	8744
PP_0012U2X.1	Ia	None	None	2024-08-14	Democratic Republic of the Congo	Sankuru	Muyembe-Tamfum, Jean-Jacques; Wawina-Bokalanga, Tony; Merritt, Sydney; Kinganda-Lusamaki, Eddy; Jansen, Daan; Halbrook, Megan; OToole, Aine; Pukuta-Simbu, Elisabeth; Hasivirwe Vakaniaki, Emmanuel; Ola-Mpumbe, Rilia; Kwete-Mbokama, Papy; Akil-Bandali, Prince; Kacita, Cris; Ponga-Museme, Ange; Mapenzi-Kashali, Nelson; Amuri-Aziza, Adrienne; Tshiani-Mbaya, Olivier; Paku-Tshambu, Princesse; Dantas, Pedro H. L. F.; De Block, Tessa; Lokilo-Lofiko, Emmanuel; Muswamba-Kayembe, Chloe; Makangara-Cigolo, Jean-Claude; Luakanda-Ndelemo, Gradi; Kelvin, David J.; Pratt, Catherine; Ayouba, Ahidjo; Tessema, Sofonias; Mauro Rezende, Antonio; Hensley, Lisa E.; Delaporte, Eric; Mwamba, Dieudonne; Subissi, Lorenzo; Liesenborghs, Laurens; Hoff, Nicole A.; Peeters, Martine; Low, Nicola; Rimoin, Anne W.; Kindrachuk, Jason; Vercauteren, Koen; Rambaut, Andrew; Mbala-Kingebeni, Placide; Ahuka-Mundeke, Steve		Homo sapiens	194696	2025-02-04	24MPX2188C	Pathogen Genomic Lab	OPEN	https://pathoplexus.org/about/terms-of-use/open-data	SAMEA118207702	0.9554736345704303			OZ254344.1			24MPX2188C	9	6633
PP_0012U3V.1	Ia	None	None	2024-08-13	Democratic Republic of the Congo	Sankuru	Muyembe-Tamfum, Jean-Jacques; Wawina-Bokalanga, Tony; Merritt, Sydney; Kinganda-Lusamaki, Eddy; Jansen, Daan; Halbrook, Megan; OToole, Aine; Pukuta-Simbu, Elisabeth; Hasivirwe Vakaniaki, Emmanuel; Ola-Mpumbe, Rilia; Kwete-Mbokama, Papy; Akil-Bandali, Prince; Kacita, Cris; Ponga-Museme, Ange; Mapenzi-Kashali, Nelson; Amuri-Aziza, Adrienne; Tshiani-Mbaya, Olivier; Paku-Tshambu, Princesse; Dantas, Pedro H. L. F.; De Block, Tessa; Lokilo-Lofiko, Emmanuel; Muswamba-Kayembe, Chloe; Makangara-Cigolo, Jean-Claude; Luakanda-Ndelemo, Gradi; Kelvin, David J.; Pratt, Catherine; Ayouba, Ahidjo; Tessema, Sofonias; Mauro Rezende, Antonio; Hensley, Lisa E.; Delaporte, Eric; Mwamba, Dieudonne; Subissi, Lorenzo; Liesenborghs, Laurens; Hoff, Nicole A.; Peeters, Martine; Low, Nicola; Rimoin, Anne W.; Kindrachuk, Jason; Vercauteren, Koen; Rambaut, Andrew; Mbala-Kingebeni, Placide; Ahuka-Mundeke, Steve		Homo sapiens	195124	2025-02-04	24MPX2193C	Pathogen Genomic Lab	OPEN	https://pathoplexus.org/about/terms-of-use/open-data	SAMEA118207703	0.9317576784021013			OZ254375.1			24MPX2193C	10	11784
PP_0012U4T.1	Ia	None	None	2024-08-05	Democratic Republic of the Congo	Sankuru	Muyembe-Tamfum, Jean-Jacques; Wawina-Bokalanga, Tony; Merritt, Sydney; Kinganda-Lusamaki, Eddy; Jansen, Daan; Halbrook, Megan; OToole, Aine; Pukuta-Simbu, Elisabeth; Hasivirwe Vakaniaki, Emmanuel; Ola-Mpumbe, Rilia; Kwete-Mbokama, Papy; Akil-Bandali, Prince; Kacita, Cris; Ponga-Museme, Ange; Mapenzi-Kashali, Nelson; Amuri-Aziza, Adrienne; Tshiani-Mbaya, Olivier; Paku-Tshambu, Princesse; Dantas, Pedro H. L. F.; De Block, Tessa; Lokilo-Lofiko, Emmanuel; Muswamba-Kayembe, Chloe; Makangara-Cigolo, Jean-Claude; Luakanda-Ndelemo, Gradi; Kelvin, David J.; Pratt, Catherine; Ayouba, Ahidjo; Tessema, Sofonias; Mauro Rezende, Antonio; Hensley, Lisa E.; Delaporte, Eric; Mwamba, Dieudonne; Subissi, Lorenzo; Liesenborghs, Laurens; Hoff, Nicole A.; Peeters, Martine; Low, Nicola; Rimoin, Anne W.; Kindrachuk, Jason; Vercauteren, Koen; Rambaut, Andrew; Mbala-Kingebeni, Placide; Ahuka-Mundeke, Steve		Homo sapiens	193825	2025-02-04	24MPX2196C	Pathogen Genomic Lab	OPEN	https://pathoplexus.org/about/terms-of-use/open-data	SAMEA118207704	0.9281625077962973			OZ254406.1			24MPX2196C	9	11190
PP_0012U5R.1	Ia	None	None	2024-08-15	Democratic Republic of the Congo	Sankuru	Muyembe-Tamfum, Jean-Jacques; Wawina-Bokalanga, Tony; Merritt, Sydney; Kinganda-Lusamaki, Eddy; Jansen, Daan; Halbrook, Megan; OToole, Aine; Pukuta-Simbu, Elisabeth; Hasivirwe Vakaniaki, Emmanuel; Ola-Mpumbe, Rilia; Kwete-Mbokama, Papy; Akil-Bandali, Prince; Kacita, Cris; Ponga-Museme, Ange; Mapenzi-Kashali, Nelson; Amuri-Aziza, Adrienne; Tshiani-Mbaya, Olivier; Paku-Tshambu, Princesse; Dantas, Pedro H. L. F.; De Block, Tessa; Lokilo-Lofiko, Emmanuel; Muswamba-Kayembe, Chloe; Makangara-Cigolo, Jean-Claude; Luakanda-Ndelemo, Gradi; Kelvin, David J.; Pratt, Catherine; Ayouba, Ahidjo; Tessema, Sofonias; Mauro Rezende, Antonio; Hensley, Lisa E.; Delaporte, Eric; Mwamba, Dieudonne; Subissi, Lorenzo; Liesenborghs, Laurens; Hoff, Nicole A.; Peeters, Martine; Low, Nicola; Rimoin, Anne W.; Kindrachuk, Jason; Vercauteren, Koen; Rambaut, Andrew; Mbala-Kingebeni, Placide; Ahuka-Mundeke, Steve		Homo sapiens	192909	2025-02-04	24MPX2197C	Pathogen Genomic Lab	OPEN	https://pathoplexus.org/about/terms-of-use/open-data	SAMEA118207705	0.9407227864854039			OZ254303.1			24MPX2197C	10	7850
PP_0012UAF.1	Ia	None	None	2024-08-06	Democratic Republic of the Congo	Kasai	Kinganda-Lusamaki, Eddy; Amuri-Aziza, Adrienne; Luakanda-Ndelemo, Gradi; Makangara-Cigolo, Jean-Claude; Kenye, Michel; Kavira, Sifa; Wawina-Bokalanga, Tony; Merritt, Sydney; Jansen, Daan; Halbrook, Megan; OToole, Aine; Pukuta-Simbu, Elisabeth; Hasivirwe Vakaniaki, Emmanuel; Ola-Mpumbe, Rilia; Kwete-Mbokama, Papy; Akil-Bandali, Prince; Kacita, Cris; Ponga-Museme, Ange; Mapenzi-Kashali, Nelson; Tshiani-Mbaya, Olivier; Paku-Tshambu, Princesse; Dantas, Pedro H. L. F.; De Block, Tessa; Lokilo-Lofiko, Emmanuel; Muswamba-Kayembe, Chloe; Kelvin, David J.; Pratt, Catherine; Ayouba, Ahidjo; Tessema, Sofonias; Mauro Rezende, Antonio; Hensley, Lisa E.; Delaporte, Eric; Mwamba, Dieudonne; Subissi, Lorenzo; Liesenborghs, Laurens; Hoff, Nicole A.; Peeters, Martine; Low, Nicola; Ahuka-Mundeke, Steve; Muyembe-Tamfum, Jean-Jacques; Rimoin, Anne W.; Kindrachuk, Jason; Vercauteren, Koen; Rambaut, Andrew; Mbala-Kingebeni, Placide		Homo sapiens	195455	2025-02-04	24MPX2295S	Pathogen Genomic Lab	OPEN	https://pathoplexus.org/about/terms-of-use/open-data	SAMEA118207710	0.9411284474846483			OZ254307.1			24MPX2295S	11	10281
PP_0012UBD.1	Ib	None	None	2024-08-15	Democratic Republic of the Congo	Kasai	Kinganda-Lusamaki, Eddy; Amuri-Aziza, Adrienne; Luakanda-Ndelemo, Gradi; Makangara-Cigolo, Jean-Claude; Kenye, Michel; Kavira, Sifa; Wawina-Bokalanga, Tony; Merritt, Sydney; Jansen, Daan; Halbrook, Megan; OToole, Aine; Pukuta-Simbu, Elisabeth; Hasivirwe Vakaniaki, Emmanuel; Ola-Mpumbe, Rilia; Kwete-Mbokama, Papy; Akil-Bandali, Prince; Kacita, Cris; Ponga-Museme, Ange; Mapenzi-Kashali, Nelson; Tshiani-Mbaya, Olivier; Paku-Tshambu, Princesse; Dantas, Pedro H. L. F.; De Block, Tessa; Lokilo-Lofiko, Emmanuel; Muswamba-Kayembe, Chloe; Kelvin, David J.; Pratt, Catherine; Ayouba, Ahidjo; Tessema, Sofonias; Mauro Rezende, Antonio; Hensley, Lisa E.; Delaporte, Eric; Mwamba, Dieudonne; Subissi, Lorenzo; Liesenborghs, Laurens; Hoff, Nicole A.; Peeters, Martine; Low, Nicola; Ahuka-Mundeke, Steve; Muyembe-Tamfum, Jean-Jacques; Rimoin, Anne W.; Kindrachuk, Jason; Vercauteren, Koen; Rambaut, Andrew; Mbala-Kingebeni, Placide		Homo sapiens	195421	2025-02-04	24MPX2296S	Pathogen Genomic Lab	OPEN	https://pathoplexus.org/about/terms-of-use/open-data	SAMEA118207711	0.9453473218767906			OZ254302.1			24MPX2296S	14	9493
PP_0012UCB.1	Ia	None	None	2024-08-14	Democratic Republic of the Congo	Kwilu	Mbala-Kingebeni, Placide; Wawina-Bokalanga, Tony; Merritt, Sydney; Kinganda-Lusamaki, Eddy; Jansen, Daan; Halbrook, Megan; OToole, Aine; Pukuta-Simbu, Elisabeth; Hasivirwe Vakaniaki, Emmanuel; Ola-Mpumbe, Rilia; Kwete-Mbokama, Papy; Akil-Bandali, Prince; Kacita, Cris; Ponga-Museme, Ange; Mapenzi-Kashali, Nelson; Amuri-Aziza, Adrienne; Tshiani-Mbaya, Olivier; Paku-Tshambu, Princesse; Dantas, Pedro H. L. F.; De Block, Tessa; Lokilo-Lofiko, Emmanuel; Muswamba-Kayembe, Chloe; Makangara-Cigolo, Jean-Claude; Luakanda-Ndelemo, Gradi; Kelvin, David J.; Pratt, Catherine; Ayouba, Ahidjo; Tessema, Sofonias; Mauro Rezende, Antonio; Hensley, Lisa E.; Delaporte, Eric; Mwamba, Dieudonne; Subissi, Lorenzo; Liesenborghs, Laurens; Hoff, Nicole A.; Peeters, Martine; Low, Nicola; Rimoin, Anne W.; Kindrachuk, Jason; Vercauteren, Koen; Rambaut, Andrew; Ahuka-Mundeke, Steve; Muyembe-Tamfum, Jean-Jacques		Homo sapiens	195113	2025-02-04	24MPX2302S	Pathogen Genomic Lab	OPEN	https://pathoplexus.org/about/terms-of-use/open-data	SAMEA118207712	0.9322140470262513			OZ254297.1			24MPX2302S	12	11701
PP_0012UF5.1	Ia	None	None	2024-08-11	Democratic Republic of the Congo	Sud-Ubangi	Amuri-Aziza, Adrienne; Luakanda-Ndelemo, Gradi; Kinganda-Lusamaki, Eddy; Makangara-Cigolo, Jean-Claude; Kenye, Michel; Kavira, Sifa; Wawina-Bokalanga, Tony; Merritt, Sydney; Jansen, Daan; Halbrook, Megan; OToole, Aine; Pukuta-Simbu, Elisabeth; Hasivirwe Vakaniaki, Emmanuel; Ola-Mpumbe, Rilia; Kwete-Mbokama, Papy; Akil-Bandali, Prince; Kacita, Cris; Ponga-Museme, Ange; Mapenzi-Kashali, Nelson; Tshiani-Mbaya, Olivier; Paku-Tshambu, Princesse; Dantas, Pedro H. L. F.; De Block, Tessa; Lokilo-Lofiko, Emmanuel; Muswamba-Kayembe, Chloe; Kelvin, David J.; Pratt, Catherine; Ayouba, Ahidjo; Tessema, Sofonias; Mauro Rezende, Antonio; Hensley, Lisa E.; Delaporte, Eric; Mwamba, Dieudonne; Subissi, Lorenzo; Liesenborghs, Laurens; Hoff, Nicole A.; Peeters, Martine; Low, Nicola; Ahuka-Mundeke, Steve; Muyembe-Tamfum, Jean-Jacques; Rimoin, Anne W.; Kindrachuk, Jason; Vercauteren, Koen; Rambaut, Andrew; Mbala-Kingebeni, Placide		Homo sapiens	195101	2025-02-04	24MPX2350C	Pathogen Genomic Lab	OPEN	https://pathoplexus.org/about/terms-of-use/open-data	SAMEA118207715	0.9479993306593513			OZ254300.1			24MPX2350C	11	8537
PP_0012UG3.1	Ia	None	None	2024-08-13	Democratic Republic of the Congo	Sud-Ubangi	Amuri-Aziza, Adrienne; Luakanda-Ndelemo, Gradi; Kinganda-Lusamaki, Eddy; Makangara-Cigolo, Jean-Claude; Kenye, Michel; Kavira, Sifa; Wawina-Bokalanga, Tony; Merritt, Sydney; Jansen, Daan; Halbrook, Megan; OToole, Aine; Pukuta-Simbu, Elisabeth; Hasivirwe Vakaniaki, Emmanuel; Ola-Mpumbe, Rilia; Kwete-Mbokama, Papy; Akil-Bandali, Prince; Kacita, Cris; Ponga-Museme, Ange; Mapenzi-Kashali, Nelson; Tshiani-Mbaya, Olivier; Paku-Tshambu, Princesse; Dantas, Pedro H. L. F.; De Block, Tessa; Lokilo-Lofiko, Emmanuel; Muswamba-Kayembe, Chloe; Kelvin, David J.; Pratt, Catherine; Ayouba, Ahidjo; Tessema, Sofonias; Mauro Rezende, Antonio; Hensley, Lisa E.; Delaporte, Eric; Mwamba, Dieudonne; Subissi, Lorenzo; Liesenborghs, Laurens; Hoff, Nicole A.; Peeters, Martine; Low, Nicola; Ahuka-Mundeke, Steve; Muyembe-Tamfum, Jean-Jacques; Rimoin, Anne W.; Kindrachuk, Jason; Vercauteren, Koen; Rambaut, Andrew; Mbala-Kingebeni, Placide		Homo sapiens	194581	2025-02-04	24MPX2351S	Pathogen Genomic Lab	OPEN	https://pathoplexus.org/about/terms-of-use/open-data	SAMEA118207716	0.9437703147422278			OZ254395.1			24MPX2351S	14	8876
PP_0012UH0.1	Ia	None	None	2024-08-15	Democratic Republic of the Congo	Sud-Ubangi	Amuri-Aziza, Adrienne; Luakanda-Ndelemo, Gradi; Kinganda-Lusamaki, Eddy; Makangara-Cigolo, Jean-Claude; Kenye, Michel; Kavira, Sifa; Wawina-Bokalanga, Tony; Merritt, Sydney; Jansen, Daan; Halbrook, Megan; OToole, Aine; Pukuta-Simbu, Elisabeth; Hasivirwe Vakaniaki, Emmanuel; Ola-Mpumbe, Rilia; Kwete-Mbokama, Papy; Akil-Bandali, Prince; Kacita, Cris; Ponga-Museme, Ange; Mapenzi-Kashali, Nelson; Tshiani-Mbaya, Olivier; Paku-Tshambu, Princesse; Dantas, Pedro H. L. F.; De Block, Tessa; Lokilo-Lofiko, Emmanuel; Muswamba-Kayembe, Chloe; Kelvin, David J.; Pratt, Catherine; Ayouba, Ahidjo; Tessema, Sofonias; Mauro Rezende, Antonio; Hensley, Lisa E.; Delaporte, Eric; Mwamba, Dieudonne; Subissi, Lorenzo; Liesenborghs, Laurens; Hoff, Nicole A.; Peeters, Martine; Low, Nicola; Ahuka-Mundeke, Steve; Muyembe-Tamfum, Jean-Jacques; Rimoin, Anne W.; Kindrachuk, Jason; Vercauteren, Koen; Rambaut, Andrew; Mbala-Kingebeni, Placide		Homo sapiens	192923	2025-02-04	24MPX2353C	Pathogen Genomic Lab	OPEN	https://pathoplexus.org/about/terms-of-use/open-data	SAMEA118207717	0.7350323768185022			OZ254432.1			24MPX2353C	11	48390
PP_0012V6N.1	Ia	None	None	2024-08-10	Democratic Republic of the Congo	Maindombe	Mbala-Kingebeni, Placide; Wawina-Bokalanga, Tony; Merritt, Sydney; Kinganda-Lusamaki, Eddy; Jansen, Daan; Halbrook, Megan; OToole, Aine; Pukuta-Simbu, Elisabeth; Hasivirwe Vakaniaki, Emmanuel; Ola-Mpumbe, Rilia; Kwete-Mbokama, Papy; Akil-Bandali, Prince; Kacita, Cris; Ponga-Museme, Ange; Mapenzi-Kashali, Nelson; Amuri-Aziza, Adrienne; Tshiani-Mbaya, Olivier; Paku-Tshambu, Princesse; Dantas, Pedro H. L. F.; De Block, Tessa; Lokilo-Lofiko, Emmanuel; Muswamba-Kayembe, Chloe; Makangara-Cigolo, Jean-Claude; Luakanda-Ndelemo, Gradi; Kelvin, David J.; Pratt, Catherine; Ayouba, Ahidjo; Tessema, Sofonias; Mauro Rezende, Antonio; Hensley, Lisa E.; Delaporte, Eric; Mwamba, Dieudonne; Subissi, Lorenzo; Liesenborghs, Laurens; Hoff, Nicole A.; Peeters, Martine; Low, Nicola; Rimoin, Anne W.; Kindrachuk, Jason; Vercauteren, Koen; Rambaut, Andrew; Ahuka-Mundeke, Steve; Muyembe-Tamfum, Jean-Jacques		Homo sapiens	196790	2025-02-04	24MPX2623C	Pathogen Genomic Lab	OPEN	https://pathoplexus.org/about/terms-of-use/open-data	SAMEA118207739	0.9987170970898894			OZ254237.1			24MPX2623C	2	251
PP_0012VAE.1	Ia	None	None	2024-08-14	Democratic Republic of the Congo	Maindombe	Mbala-Kingebeni, Placide; Wawina-Bokalanga, Tony; Merritt, Sydney; Kinganda-Lusamaki, Eddy; Jansen, Daan; Halbrook, Megan; OToole, Aine; Pukuta-Simbu, Elisabeth; Hasivirwe Vakaniaki, Emmanuel; Ola-Mpumbe, Rilia; Kwete-Mbokama, Papy; Akil-Bandali, Prince; Kacita, Cris; Ponga-Museme, Ange; Mapenzi-Kashali, Nelson; Amuri-Aziza, Adrienne; Tshiani-Mbaya, Olivier; Paku-Tshambu, Princesse; Dantas, Pedro H. L. F.; De Block, Tessa; Lokilo-Lofiko, Emmanuel; Muswamba-Kayembe, Chloe; Makangara-Cigolo, Jean-Claude; Luakanda-Ndelemo, Gradi; Kelvin, David J.; Pratt, Catherine; Ayouba, Ahidjo; Tessema, Sofonias; Mauro Rezende, Antonio; Hensley, Lisa E.; Delaporte, Eric; Mwamba, Dieudonne; Subissi, Lorenzo; Liesenborghs, Laurens; Hoff, Nicole A.; Peeters, Martine; Low, Nicola; Rimoin, Anne W.; Kindrachuk, Jason; Vercauteren, Koen; Rambaut, Andrew; Ahuka-Mundeke, Steve; Muyembe-Tamfum, Jean-Jacques		Homo sapiens	196615	2025-02-04	24MPX2630V	Pathogen Genomic Lab	OPEN	https://pathoplexus.org/about/terms-of-use/open-data	SAMEA118207742	0.9611985254222677			OZ254258.1			24MPX2630V	2	7639
PP_0012VE6.1	Ia	None	None	2024-08-10	Democratic Republic of the Congo	Maindombe	Mbala-Kingebeni, Placide; Wawina-Bokalanga, Tony; Merritt, Sydney; Kinganda-Lusamaki, Eddy; Jansen, Daan; Halbrook, Megan; OToole, Aine; Pukuta-Simbu, Elisabeth; Hasivirwe Vakaniaki, Emmanuel; Ola-Mpumbe, Rilia; Kwete-Mbokama, Papy; Akil-Bandali, Prince; Kacita, Cris; Ponga-Museme, Ange; Mapenzi-Kashali, Nelson; Amuri-Aziza, Adrienne; Tshiani-Mbaya, Olivier; Paku-Tshambu, Princesse; Dantas, Pedro H. L. F.; De Block, Tessa; Lokilo-Lofiko, Emmanuel; Muswamba-Kayembe, Chloe; Makangara-Cigolo, Jean-Claude; Luakanda-Ndelemo, Gradi; Kelvin, David J.; Pratt, Catherine; Ayouba, Ahidjo; Tessema, Sofonias; Mauro Rezende, Antonio; Hensley, Lisa E.; Delaporte, Eric; Mwamba, Dieudonne; Subissi, Lorenzo; Liesenborghs, Laurens; Hoff, Nicole A.; Peeters, Martine; Low, Nicola; Rimoin, Anne W.; Kindrachuk, Jason; Vercauteren, Koen; Rambaut, Andrew; Ahuka-Mundeke, Steve; Muyembe-Tamfum, Jean-Jacques		Homo sapiens	196734	2025-02-04	24MPX2634V	Pathogen Genomic Lab	OPEN	https://pathoplexus.org/about/terms-of-use/open-data	SAMEA118207746	0.9988337246271722			OZ254294.1			24MPX2634V	4	226
PP_0012VF4.1	Ia	None	None	2024-08-10	Democratic Republic of the Congo	Maindombe	Mbala-Kingebeni, Placide; Wawina-Bokalanga, Tony; Merritt, Sydney; Kinganda-Lusamaki, Eddy; Jansen, Daan; Halbrook, Megan; OToole, Aine; Pukuta-Simbu, Elisabeth; Hasivirwe Vakaniaki, Emmanuel; Ola-Mpumbe, Rilia; Kwete-Mbokama, Papy; Akil-Bandali, Prince; Kacita, Cris; Ponga-Museme, Ange; Mapenzi-Kashali, Nelson; Amuri-Aziza, Adrienne; Tshiani-Mbaya, Olivier; Paku-Tshambu, Princesse; Dantas, Pedro H. L. F.; De Block, Tessa; Lokilo-Lofiko, Emmanuel; Muswamba-Kayembe, Chloe; Makangara-Cigolo, Jean-Claude; Luakanda-Ndelemo, Gradi; Kelvin, David J.; Pratt, Catherine; Ayouba, Ahidjo; Tessema, Sofonias; Mauro Rezende, Antonio; Hensley, Lisa E.; Delaporte, Eric; Mwamba, Dieudonne; Subissi, Lorenzo; Liesenborghs, Laurens; Hoff, Nicole A.; Peeters, Martine; Low, Nicola; Rimoin, Anne W.; Kindrachuk, Jason; Vercauteren, Koen; Rambaut, Andrew; Ahuka-Mundeke, Steve; Muyembe-Tamfum, Jean-Jacques		Homo sapiens	196733	2025-02-04	24MPX2637V	Pathogen Genomic Lab	OPEN	https://pathoplexus.org/about/terms-of-use/open-data	SAMEA118207747	0.9981187471160038			OZ254460.1			24MPX2637V	2	369
PP_0012VJX.1	Ia	None	None	2024-08-12	Democratic Republic of the Congo	Maindombe	Mbala-Kingebeni, Placide; Wawina-Bokalanga, Tony; Merritt, Sydney; Kinganda-Lusamaki, Eddy; Jansen, Daan; Halbrook, Megan; OToole, Aine; Pukuta-Simbu, Elisabeth; Hasivirwe Vakaniaki, Emmanuel; Ola-Mpumbe, Rilia; Kwete-Mbokama, Papy; Akil-Bandali, Prince; Kacita, Cris; Ponga-Museme, Ange; Mapenzi-Kashali, Nelson; Amuri-Aziza, Adrienne; Tshiani-Mbaya, Olivier; Paku-Tshambu, Princesse; Dantas, Pedro H. L. F.; De Block, Tessa; Lokilo-Lofiko, Emmanuel; Muswamba-Kayembe, Chloe; Makangara-Cigolo, Jean-Claude; Luakanda-Ndelemo, Gradi; Kelvin, David J.; Pratt, Catherine; Ayouba, Ahidjo; Tessema, Sofonias; Mauro Rezende, Antonio; Hensley, Lisa E.; Delaporte, Eric; Mwamba, Dieudonne; Subissi, Lorenzo; Liesenborghs, Laurens; Hoff, Nicole A.; Peeters, Martine; Low, Nicola; Rimoin, Anne W.; Kindrachuk, Jason; Vercauteren, Koen; Rambaut, Andrew; Ahuka-Mundeke, Steve; Muyembe-Tamfum, Jean-Jacques		Homo sapiens	190067	2025-02-04	24MPX2643V	Pathogen Genomic Lab	OPEN	https://pathoplexus.org/about/terms-of-use/open-data	SAMEA118207750	0.9197349005369937			OZ254446.1			24MPX2643V	0	9032
PP_0012VKV.1	Ia	None	None	2024-08-13	Democratic Republic of the Congo	Maindombe	Mbala-Kingebeni, Placide; Wawina-Bokalanga, Tony; Merritt, Sydney; Kinganda-Lusamaki, Eddy; Jansen, Daan; Halbrook, Megan; OToole, Aine; Pukuta-Simbu, Elisabeth; Hasivirwe Vakaniaki, Emmanuel; Ola-Mpumbe, Rilia; Kwete-Mbokama, Papy; Akil-Bandali, Prince; Kacita, Cris; Ponga-Museme, Ange; Mapenzi-Kashali, Nelson; Amuri-Aziza, Adrienne; Tshiani-Mbaya, Olivier; Paku-Tshambu, Princesse; Dantas, Pedro H. L. F.; De Block, Tessa; Lokilo-Lofiko, Emmanuel; Muswamba-Kayembe, Chloe; Makangara-Cigolo, Jean-Claude; Luakanda-Ndelemo, Gradi; Kelvin, David J.; Pratt, Catherine; Ayouba, Ahidjo; Tessema, Sofonias; Mauro Rezende, Antonio; Hensley, Lisa E.; Delaporte, Eric; Mwamba, Dieudonne; Subissi, Lorenzo; Liesenborghs, Laurens; Hoff, Nicole A.; Peeters, Martine; Low, Nicola; Rimoin, Anne W.; Kindrachuk, Jason; Vercauteren, Koen; Rambaut, Andrew; Ahuka-Mundeke, Steve; Muyembe-Tamfum, Jean-Jacques		Homo sapiens	190092	2025-02-04	24MPX2647V	Pathogen Genomic Lab	OPEN	https://pathoplexus.org/about/terms-of-use/open-data	SAMEA118207751	0.9318793767018747			OZ254339.1			24MPX2647V	0	6659
PP_0012VLT.1	Ia	None	None	2024-08-13	Democratic Republic of the Congo	Maindombe	Mbala-Kingebeni, Placide; Wawina-Bokalanga, Tony; Merritt, Sydney; Kinganda-Lusamaki, Eddy; Jansen, Daan; Halbrook, Megan; OToole, Aine; Pukuta-Simbu, Elisabeth; Hasivirwe Vakaniaki, Emmanuel; Ola-Mpumbe, Rilia; Kwete-Mbokama, Papy; Akil-Bandali, Prince; Kacita, Cris; Ponga-Museme, Ange; Mapenzi-Kashali, Nelson; Amuri-Aziza, Adrienne; Tshiani-Mbaya, Olivier; Paku-Tshambu, Princesse; Dantas, Pedro H. L. F.; De Block, Tessa; Lokilo-Lofiko, Emmanuel; Muswamba-Kayembe, Chloe; Makangara-Cigolo, Jean-Claude; Luakanda-Ndelemo, Gradi; Kelvin, David J.; Pratt, Catherine; Ayouba, Ahidjo; Tessema, Sofonias; Mauro Rezende, Antonio; Hensley, Lisa E.; Delaporte, Eric; Mwamba, Dieudonne; Subissi, Lorenzo; Liesenborghs, Laurens; Hoff, Nicole A.; Peeters, Martine; Low, Nicola; Rimoin, Anne W.; Kindrachuk, Jason; Vercauteren, Koen; Rambaut, Andrew; Ahuka-Mundeke, Steve; Muyembe-Tamfum, Jean-Jacques		Homo sapiens	190091	2025-02-04	24MPX2648V	Pathogen Genomic Lab	OPEN	https://pathoplexus.org/about/terms-of-use/open-data	SAMEA118207752	0.9376600459411082			OZ254438.1			24MPX2648V	0	5519
PP_0012VMR.1	Ia	None	None	2024-08-06	Democratic Republic of the Congo	Maindombe	Mbala-Kingebeni, Placide; Wawina-Bokalanga, Tony; Merritt, Sydney; Kinganda-Lusamaki, Eddy; Jansen, Daan; Halbrook, Megan; OToole, Aine; Pukuta-Simbu, Elisabeth; Hasivirwe Vakaniaki, Emmanuel; Ola-Mpumbe, Rilia; Kwete-Mbokama, Papy; Akil-Bandali, Prince; Kacita, Cris; Ponga-Museme, Ange; Mapenzi-Kashali, Nelson; Amuri-Aziza, Adrienne; Tshiani-Mbaya, Olivier; Paku-Tshambu, Princesse; Dantas, Pedro H. L. F.; De Block, Tessa; Lokilo-Lofiko, Emmanuel; Muswamba-Kayembe, Chloe; Makangara-Cigolo, Jean-Claude; Luakanda-Ndelemo, Gradi; Kelvin, David J.; Pratt, Catherine; Ayouba, Ahidjo; Tessema, Sofonias; Mauro Rezende, Antonio; Hensley, Lisa E.; Delaporte, Eric; Mwamba, Dieudonne; Subissi, Lorenzo; Liesenborghs, Laurens; Hoff, Nicole A.; Peeters, Martine; Low, Nicola; Rimoin, Anne W.; Kindrachuk, Jason; Vercauteren, Koen; Rambaut, Andrew; Ahuka-Mundeke, Steve; Muyembe-Tamfum, Jean-Jacques		Homo sapiens	190076	2025-02-04	24MPX2653V	Pathogen Genomic Lab	OPEN	https://pathoplexus.org/about/terms-of-use/open-data	SAMEA118207753	0.9460521578629778			OZ254421.1			24MPX2653V	0	3864
PP_0012VQK.1	Ia	None	None	2024-08-05	Democratic Republic of the Congo	Bas-Uele	Amuri-Aziza, Adrienne; Luakanda-Ndelemo, Gradi; Kinganda-Lusamaki, Eddy; Makangara-Cigolo, Jean-Claude; Kenye, Michel; Kavira, Sifa; Wawina-Bokalanga, Tony; Merritt, Sydney; Jansen, Daan; Halbrook, Megan; OToole, Aine; Pukuta-Simbu, Elisabeth; Hasivirwe Vakaniaki, Emmanuel; Ola-Mpumbe, Rilia; Kwete-Mbokama, Papy; Akil-Bandali, Prince; Kacita, Cris; Ponga-Museme, Ange; Mapenzi-Kashali, Nelson; Tshiani-Mbaya, Olivier; Paku-Tshambu, Princesse; Dantas, Pedro H. L. F.; De Block, Tessa; Lokilo-Lofiko, Emmanuel; Muswamba-Kayembe, Chloe; Kelvin, David J.; Pratt, Catherine; Ayouba, Ahidjo; Tessema, Sofonias; Mauro Rezende, Antonio; Hensley, Lisa E.; Delaporte, Eric; Mwamba, Dieudonne; Subissi, Lorenzo; Liesenborghs, Laurens; Hoff, Nicole A.; Peeters, Martine; Low, Nicola; Ahuka-Mundeke, Steve; Muyembe-Tamfum, Jean-Jacques; Rimoin, Anne W.; Kindrachuk, Jason; Vercauteren, Koen; Rambaut, Andrew; Mbala-Kingebeni, Placide		Homo sapiens	190112	2025-02-04	24MPX2686S	Pathogen Genomic Lab	OPEN	https://pathoplexus.org/about/terms-of-use/open-data	SAMEA118207756	0.9504485089422896			OZ254394.1			24MPX2686S	0	2997
PP_0012VY3.1	Ia	None	None	2024-08-14	Democratic Republic of the Congo	Sud-Ubangi	Amuri-Aziza, Adrienne; Luakanda-Ndelemo, Gradi; Kinganda-Lusamaki, Eddy; Makangara-Cigolo, Jean-Claude; Kenye, Michel; Kavira, Sifa; Wawina-Bokalanga, Tony; Merritt, Sydney; Jansen, Daan; Halbrook, Megan; OToole, Aine; Pukuta-Simbu, Elisabeth; Hasivirwe Vakaniaki, Emmanuel; Ola-Mpumbe, Rilia; Kwete-Mbokama, Papy; Akil-Bandali, Prince; Kacita, Cris; Ponga-Museme, Ange; Mapenzi-Kashali, Nelson; Tshiani-Mbaya, Olivier; Paku-Tshambu, Princesse; Dantas, Pedro H. L. F.; De Block, Tessa; Lokilo-Lofiko, Emmanuel; Muswamba-Kayembe, Chloe; Kelvin, David J.; Pratt, Catherine; Ayouba, Ahidjo; Tessema, Sofonias; Mauro Rezende, Antonio; Hensley, Lisa E.; Delaporte, Eric; Mwamba, Dieudonne; Subissi, Lorenzo; Liesenborghs, Laurens; Hoff, Nicole A.; Peeters, Martine; Low, Nicola; Ahuka-Mundeke, Steve; Muyembe-Tamfum, Jean-Jacques; Rimoin, Anne W.; Kindrachuk, Jason; Vercauteren, Koen; Rambaut, Andrew; Mbala-Kingebeni, Placide		Homo sapiens	188503	2025-02-04	24MPX2753V	Pathogen Genomic Lab	OPEN	https://pathoplexus.org/about/terms-of-use/open-data	SAMEA118207763	0.766329122910212			OZ254365.1			24MPX2753V	0	37708
PP_0012VZ1.1	Ia	None	None	2024-08-14	Democratic Republic of the Congo	Sud-Ubangi	Amuri-Aziza, Adrienne; Luakanda-Ndelemo, Gradi; Kinganda-Lusamaki, Eddy; Makangara-Cigolo, Jean-Claude; Kenye, Michel; Kavira, Sifa; Wawina-Bokalanga, Tony; Merritt, Sydney; Jansen, Daan; Halbrook, Megan; OToole, Aine; Pukuta-Simbu, Elisabeth; Hasivirwe Vakaniaki, Emmanuel; Ola-Mpumbe, Rilia; Kwete-Mbokama, Papy; Akil-Bandali, Prince; Kacita, Cris; Ponga-Museme, Ange; Mapenzi-Kashali, Nelson; Tshiani-Mbaya, Olivier; Paku-Tshambu, Princesse; Dantas, Pedro H. L. F.; De Block, Tessa; Lokilo-Lofiko, Emmanuel; Muswamba-Kayembe, Chloe; Kelvin, David J.; Pratt, Catherine; Ayouba, Ahidjo; Tessema, Sofonias; Mauro Rezende, Antonio; Hensley, Lisa E.; Delaporte, Eric; Mwamba, Dieudonne; Subissi, Lorenzo; Liesenborghs, Laurens; Hoff, Nicole A.; Peeters, Martine; Low, Nicola; Ahuka-Mundeke, Steve; Muyembe-Tamfum, Jean-Jacques; Rimoin, Anne W.; Kindrachuk, Jason; Vercauteren, Koen; Rambaut, Andrew; Mbala-Kingebeni, Placide		Homo sapiens	189255	2025-02-04	24MPX2755V	Pathogen Genomic Lab	OPEN	https://pathoplexus.org/about/terms-of-use/open-data	SAMEA118207764	0.9275286624849779			OZ254567.1			24MPX2755V	0	6652
PP_0012W0Z.1	Ia	None	None	2024-08-10	Democratic Republic of the Congo	Sud-Ubangi	Amuri-Aziza, Adrienne; Luakanda-Ndelemo, Gradi; Kinganda-Lusamaki, Eddy; Makangara-Cigolo, Jean-Claude; Kenye, Michel; Kavira, Sifa; Wawina-Bokalanga, Tony; Merritt, Sydney; Jansen, Daan; Halbrook, Megan; OToole, Aine; Pukuta-Simbu, Elisabeth; Hasivirwe Vakaniaki, Emmanuel; Ola-Mpumbe, Rilia; Kwete-Mbokama, Papy; Akil-Bandali, Prince; Kacita, Cris; Ponga-Museme, Ange; Mapenzi-Kashali, Nelson; Tshiani-Mbaya, Olivier; Paku-Tshambu, Princesse; Dantas, Pedro H. L. F.; De Block, Tessa; Lokilo-Lofiko, Emmanuel; Muswamba-Kayembe, Chloe; Kelvin, David J.; Pratt, Catherine; Ayouba, Ahidjo; Tessema, Sofonias; Mauro Rezende, Antonio; Hensley, Lisa E.; Delaporte, Eric; Mwamba, Dieudonne; Subissi, Lorenzo; Liesenborghs, Laurens; Hoff, Nicole A.; Peeters, Martine; Low, Nicola; Ahuka-Mundeke, Steve; Muyembe-Tamfum, Jean-Jacques; Rimoin, Anne W.; Kindrachuk, Jason; Vercauteren, Koen; Rambaut, Andrew; Mbala-Kingebeni, Placide		Homo sapiens	190126	2025-02-04	24MPX2759V	Pathogen Genomic Lab	OPEN	https://pathoplexus.org/about/terms-of-use/open-data	SAMEA118207765	0.9373203048542409			OZ254568.1			24MPX2759V	0	5586
PP_0013K6W.1	Ib	None	None	2024-08-06	Democratic Republic of the Congo	Nord-Kivu	Mukadi-Bamuleka, Daniel; Kinganda-Lusamaki, Eddy; Mulopo-Mukanya, Noella; Amuri-Aziza, Adrienne; OToole, Aine; Merritt, Sydney; Modadra-Madakpa, Brigitte; Mutombo, Guy N.; Vakaniaki, Emmanuel H.; Kacita, Cris; Lubambo, Gaston M.; Makangara-Cigolo, Jean-Claude; Ngimba, Michel; Lokilo-Lofiko, Emmanuel; Pukuta-Simbu, Elisabeth; Luakanda-Ndelemo, Gradi; Bodisa-Matamu, Tavia; Paluku-Kalimuli, Zephanie; Akil-Bandali, Prince; Kavira, Sifa; Muyembe-Mawete, Francisca; Guichet, Emilande; Jansen, Daan; Kavira-Kamaliro, Adele; Muhindo-Milonde, Emile; Mufungizi, Jeriel; Birindwa Hamisi, Yves; Kavunga, Hugo; Tshiani, Olivier; Nundu, Sabin S.; Liesenborghs, Laurens; Hoff, Nicole A.; Shongo, Robert; Ayouba, Ahidjo; Pilarowski, Genay; Kakule Mangolopa, Alain; Kiuka Ebondo, Amos; Low, Nicola; Souradet, Y. Shaw; Wilkinson, Sam; Kifle Tessema, Sofonias; Subissi, Lorenzo; Delaporte, Eric; Vercauteren, Koen; Wawina-Bokalanga, Tony; Rimoin, Anne W.; Hensley, Lisa E.; Peeters, Martine; Quick, Josh; Loman, Nicholas; Rambaut, Andrew; Muyembe-Tamfum, Jean-Jacques; Kindrachuk, Jason; Mbala-Kingebeni, Placide; Ahuka-Mundeke, Steve		Homo sapiens	194172	2025-02-04	24MPXV-GOM-43	Pathogen Genomic Lab	OPEN	https://pathoplexus.org/about/terms-of-use/open-data	SAMEA118210481	0.8804871988600926			OZ254773.1			24MPXV-GOM-43_S4_ilm	13	21040
PP_0013K7U.1	Ib	None	None	2024-08-06	Democratic Republic of the Congo	Nord-Kivu	Mukadi-Bamuleka, Daniel; Kinganda-Lusamaki, Eddy; Mulopo-Mukanya, Noella; Amuri-Aziza, Adrienne; OToole, Aine; Merritt, Sydney; Modadra-Madakpa, Brigitte; Mutombo, Guy N.; Vakaniaki, Emmanuel H.; Kacita, Cris; Lubambo, Gaston M.; Makangara-Cigolo, Jean-Claude; Ngimba, Michel; Lokilo-Lofiko, Emmanuel; Pukuta-Simbu, Elisabeth; Luakanda-Ndelemo, Gradi; Bodisa-Matamu, Tavia; Paluku-Kalimuli, Zephanie; Akil-Bandali, Prince; Kavira, Sifa; Muyembe-Mawete, Francisca; Guichet, Emilande; Jansen, Daan; Kavira-Kamaliro, Adele; Muhindo-Milonde, Emile; Mufungizi, Jeriel; Birindwa Hamisi, Yves; Kavunga, Hugo; Tshiani, Olivier; Nundu, Sabin S.; Liesenborghs, Laurens; Hoff, Nicole A.; Shongo, Robert; Ayouba, Ahidjo; Pilarowski, Genay; Kakule Mangolopa, Alain; Kiuka Ebondo, Amos; Low, Nicola; Souradet, Y. Shaw; Wilkinson, Sam; Kifle Tessema, Sofonias; Subissi, Lorenzo; Delaporte, Eric; Vercauteren, Koen; Wawina-Bokalanga, Tony; Rimoin, Anne W.; Hensley, Lisa E.; Peeters, Martine; Quick, Josh; Loman, Nicholas; Rambaut, Andrew; Muyembe-Tamfum, Jean-Jacques; Kindrachuk, Jason; Mbala-Kingebeni, Placide; Ahuka-Mundeke, Steve		Homo sapiens	195052	2025-02-04	24MPXV-GOM-45	Pathogen Genomic Lab	OPEN	https://pathoplexus.org/about/terms-of-use/open-data	SAMEA118210482	0.8307683726401939			OZ254743.1			24MPXV-GOM-45_S5_ilm	13	31701
PP_0013K8S.1	Ib	None	None	2024-08-06	Democratic Republic of the Congo	Nord-Kivu	Mukadi-Bamuleka, Daniel; Kinganda-Lusamaki, Eddy; Mulopo-Mukanya, Noella; Amuri-Aziza, Adrienne; OToole, Aine; Merritt, Sydney; Modadra-Madakpa, Brigitte; Mutombo, Guy N.; Vakaniaki, Emmanuel H.; Kacita, Cris; Lubambo, Gaston M.; Makangara-Cigolo, Jean-Claude; Ngimba, Michel; Lokilo-Lofiko, Emmanuel; Pukuta-Simbu, Elisabeth; Luakanda-Ndelemo, Gradi; Bodisa-Matamu, Tavia; Paluku-Kalimuli, Zephanie; Akil-Bandali, Prince; Kavira, Sifa; Muyembe-Mawete, Francisca; Guichet, Emilande; Jansen, Daan; Kavira-Kamaliro, Adele; Muhindo-Milonde, Emile; Mufungizi, Jeriel; Birindwa Hamisi, Yves; Kavunga, Hugo; Tshiani, Olivier; Nundu, Sabin S.; Liesenborghs, Laurens; Hoff, Nicole A.; Shongo, Robert; Ayouba, Ahidjo; Pilarowski, Genay; Kakule Mangolopa, Alain; Kiuka Ebondo, Amos; Low, Nicola; Souradet, Y. Shaw; Wilkinson, Sam; Kifle Tessema, Sofonias; Subissi, Lorenzo; Delaporte, Eric; Vercauteren, Koen; Wawina-Bokalanga, Tony; Rimoin, Anne W.; Hensley, Lisa E.; Peeters, Martine; Quick, Josh; Loman, Nicholas; Rambaut, Andrew; Muyembe-Tamfum, Jean-Jacques; Kindrachuk, Jason; Mbala-Kingebeni, Placide; Ahuka-Mundeke, Steve		Homo sapiens	192861	2025-02-04	24MPXV-GOM-46	Pathogen Genomic Lab	OPEN	https://pathoplexus.org/about/terms-of-use/open-data	SAMEA118210483	0.8127823780861928			OZ254775.1			24MPXV-GOM-46_S6_ilm	13	33081
PP_0013K9Q.1	Ib	None	None	2024-08-06	Democratic Republic of the Congo	Nord-Kivu	Mukadi-Bamuleka, Daniel; Kinganda-Lusamaki, Eddy; Mulopo-Mukanya, Noella; Amuri-Aziza, Adrienne; OToole, Aine; Merritt, Sydney; Modadra-Madakpa, Brigitte; Mutombo, Guy N.; Vakaniaki, Emmanuel H.; Kacita, Cris; Lubambo, Gaston M.; Makangara-Cigolo, Jean-Claude; Ngimba, Michel; Lokilo-Lofiko, Emmanuel; Pukuta-Simbu, Elisabeth; Luakanda-Ndelemo, Gradi; Bodisa-Matamu, Tavia; Paluku-Kalimuli, Zephanie; Akil-Bandali, Prince; Kavira, Sifa; Muyembe-Mawete, Francisca; Guichet, Emilande; Jansen, Daan; Kavira-Kamaliro, Adele; Muhindo-Milonde, Emile; Mufungizi, Jeriel; Birindwa Hamisi, Yves; Kavunga, Hugo; Tshiani, Olivier; Nundu, Sabin S.; Liesenborghs, Laurens; Hoff, Nicole A.; Shongo, Robert; Ayouba, Ahidjo; Pilarowski, Genay; Kakule Mangolopa, Alain; Kiuka Ebondo, Amos; Low, Nicola; Souradet, Y. Shaw; Wilkinson, Sam; Kifle Tessema, Sofonias; Subissi, Lorenzo; Delaporte, Eric; Vercauteren, Koen; Wawina-Bokalanga, Tony; Rimoin, Anne W.; Hensley, Lisa E.; Peeters, Martine; Quick, Josh; Loman, Nicholas; Rambaut, Andrew; Muyembe-Tamfum, Jean-Jacques; Kindrachuk, Jason; Mbala-Kingebeni, Placide; Ahuka-Mundeke, Steve		Homo sapiens	194994	2025-02-04	24MPXV-GOM-63	Pathogen Genomic Lab	OPEN	https://pathoplexus.org/about/terms-of-use/open-data	SAMEA118210484	0.8195467752485941			OZ254741.1			24MPXV-GOM-63_S7_ilm	16	33874
PP_0013KQT.1	Ib	None	None	2024-08-15	Democratic Republic of the Congo	Nord-Kivu	Mukadi-Bamuleka, Daniel; Kinganda-Lusamaki, Eddy; Mulopo-Mukanya, Noella; Amuri-Aziza, Adrienne; OToole, Aine; Merritt, Sydney; Modadra-Madakpa, Brigitte; Mutombo, Guy N.; Vakaniaki, Emmanuel H.; Kacita, Cris; Lubambo, Gaston M.; Makangara-Cigolo, Jean-Claude; Ngimba, Michel; Lokilo-Lofiko, Emmanuel; Pukuta-Simbu, Elisabeth; Luakanda-Ndelemo, Gradi; Bodisa-Matamu, Tavia; Paluku-Kalimuli, Zephanie; Akil-Bandali, Prince; Kavira, Sifa; Muyembe-Mawete, Francisca; Guichet, Emilande; Jansen, Daan; Kavira-Kamaliro, Adele; Muhindo-Milonde, Emile; Mufungizi, Jeriel; Birindwa Hamisi, Yves; Kavunga, Hugo; Tshiani, Olivier; Nundu, Sabin S.; Liesenborghs, Laurens; Hoff, Nicole A.; Shongo, Robert; Ayouba, Ahidjo; Pilarowski, Genay; Kakule Mangolopa, Alain; Kiuka Ebondo, Amos; Low, Nicola; Souradet, Y. Shaw; Wilkinson, Sam; Kifle Tessema, Sofonias; Subissi, Lorenzo; Delaporte, Eric; Vercauteren, Koen; Wawina-Bokalanga, Tony; Rimoin, Anne W.; Hensley, Lisa E.; Peeters, Martine; Quick, Josh; Loman, Nicholas; Rambaut, Andrew; Muyembe-Tamfum, Jean-Jacques; Kindrachuk, Jason; Mbala-Kingebeni, Placide; Ahuka-Mundeke, Steve		Homo sapiens	192846	2025-02-04	RDC-NKV-GOM-MPX-337	Pathogen Genomic Lab	OPEN	https://pathoplexus.org/about/terms-of-use/open-data	SAMEA118210499	0.9118143695267458			OZ254761.1			RDC-NKV-GOM-MPX-337	15	13544
PP_0013KRR.1	Ib	None	None	2024-08-15	Democratic Republic of the Congo	Nord-Kivu	Mukadi-Bamuleka, Daniel; Kinganda-Lusamaki, Eddy; Mulopo-Mukanya, Noella; Amuri-Aziza, Adrienne; OToole, Aine; Merritt, Sydney; Modadra-Madakpa, Brigitte; Mutombo, Guy N.; Vakaniaki, Emmanuel H.; Kacita, Cris; Lubambo, Gaston M.; Makangara-Cigolo, Jean-Claude; Ngimba, Michel; Lokilo-Lofiko, Emmanuel; Pukuta-Simbu, Elisabeth; Luakanda-Ndelemo, Gradi; Bodisa-Matamu, Tavia; Paluku-Kalimuli, Zephanie; Akil-Bandali, Prince; Kavira, Sifa; Muyembe-Mawete, Francisca; Guichet, Emilande; Jansen, Daan; Kavira-Kamaliro, Adele; Muhindo-Milonde, Emile; Mufungizi, Jeriel; Birindwa Hamisi, Yves; Kavunga, Hugo; Tshiani, Olivier; Nundu, Sabin S.; Liesenborghs, Laurens; Hoff, Nicole A.; Shongo, Robert; Ayouba, Ahidjo; Pilarowski, Genay; Kakule Mangolopa, Alain; Kiuka Ebondo, Amos; Low, Nicola; Souradet, Y. Shaw; Wilkinson, Sam; Kifle Tessema, Sofonias; Subissi, Lorenzo; Delaporte, Eric; Vercauteren, Koen; Wawina-Bokalanga, Tony; Rimoin, Anne W.; Hensley, Lisa E.; Peeters, Martine; Quick, Josh; Loman, Nicholas; Rambaut, Andrew; Muyembe-Tamfum, Jean-Jacques; Kindrachuk, Jason; Mbala-Kingebeni, Placide; Ahuka-Mundeke, Steve		Homo sapiens	192860	2025-02-04	RDC-NKV-GOM-MPX-338	Pathogen Genomic Lab	OPEN	https://pathoplexus.org/about/terms-of-use/open-data	SAMEA118210500	0.9044110562905344			OZ254710.1			RDC-NKV-GOM-MPX-338	17	15010
PP_0013KVH.1	Ib	None	None	2024-08-15	Democratic Republic of the Congo	Nord-Kivu	Mukadi-Bamuleka, Daniel; Kinganda-Lusamaki, Eddy; Mulopo-Mukanya, Noella; Amuri-Aziza, Adrienne; OToole, Aine; Merritt, Sydney; Modadra-Madakpa, Brigitte; Mutombo, Guy N.; Vakaniaki, Emmanuel H.; Kacita, Cris; Lubambo, Gaston M.; Makangara-Cigolo, Jean-Claude; Ngimba, Michel; Lokilo-Lofiko, Emmanuel; Pukuta-Simbu, Elisabeth; Luakanda-Ndelemo, Gradi; Bodisa-Matamu, Tavia; Paluku-Kalimuli, Zephanie; Akil-Bandali, Prince; Kavira, Sifa; Muyembe-Mawete, Francisca; Guichet, Emilande; Jansen, Daan; Kavira-Kamaliro, Adele; Muhindo-Milonde, Emile; Mufungizi, Jeriel; Birindwa Hamisi, Yves; Kavunga, Hugo; Tshiani, Olivier; Nundu, Sabin S.; Liesenborghs, Laurens; Hoff, Nicole A.; Shongo, Robert; Ayouba, Ahidjo; Pilarowski, Genay; Kakule Mangolopa, Alain; Kiuka Ebondo, Amos; Low, Nicola; Souradet, Y. Shaw; Wilkinson, Sam; Kifle Tessema, Sofonias; Subissi, Lorenzo; Delaporte, Eric; Vercauteren, Koen; Wawina-Bokalanga, Tony; Rimoin, Anne W.; Hensley, Lisa E.; Peeters, Martine; Quick, Josh; Loman, Nicholas; Rambaut, Andrew; Muyembe-Tamfum, Jean-Jacques; Kindrachuk, Jason; Mbala-Kingebeni, Placide; Ahuka-Mundeke, Steve		Homo sapiens	191789	2025-02-04	RDC-NKV-GOM-MPX-352	Pathogen Genomic Lab	OPEN	https://pathoplexus.org/about/terms-of-use/open-data	SAMEA118210504	0.6950443438179799			OZ254776.1			RDC-NKV-GOM-MPX-352	19	55145
